"LOCATION","INDICATOR","SUBJECT","MEASURE","FREQUENCY","TIME","Value","Flag Codes"
"AUS","GDP","TOT","USD_CAP","A","1960",2412.764873,
"AUS","GDP","TOT","USD_CAP","A","1961",2383.322879,
"AUS","GDP","TOT","USD_CAP","A","1962",2577.466847,
"AUS","GDP","TOT","USD_CAP","A","1963",2752.750121,
"AUS","GDP","TOT","USD_CAP","A","1964",2902.84077,
"AUS","GDP","TOT","USD_CAP","A","1965",3002.269627,
"AUS","GDP","TOT","USD_CAP","A","1966",3275.956286,
"AUS","GDP","TOT","USD_CAP","A","1967",3447.600076,
"AUS","GDP","TOT","USD_CAP","A","1968",3833.569009,
"AUS","GDP","TOT","USD_CAP","A","1969",4208.470157,
"AUS","GDP","TOT","USD_CAP","A","1970",4647.884995,
"AUS","GDP","TOT","USD_CAP","A","1971",4859.355514,
"AUS","GDP","TOT","USD_CAP","A","1972",5205.906397,
"AUS","GDP","TOT","USD_CAP","A","1973",5791.18689,
"AUS","GDP","TOT","USD_CAP","A","1974",6240.836577,
"AUS","GDP","TOT","USD_CAP","A","1975",6933.807827,
"AUS","GDP","TOT","USD_CAP","A","1976",7391.079675,
"AUS","GDP","TOT","USD_CAP","A","1977",7721.586926,
"AUS","GDP","TOT","USD_CAP","A","1978",8547.13182,
"AUS","GDP","TOT","USD_CAP","A","1979",9449.147412,
"AUS","GDP","TOT","USD_CAP","A","1980",10470.286937,
"AUS","GDP","TOT","USD_CAP","A","1981",11947.245259,
"AUS","GDP","TOT","USD_CAP","A","1982",11981.66345,
"AUS","GDP","TOT","USD_CAP","A","1983",12767.30554,
"AUS","GDP","TOT","USD_CAP","A","1984",13593.136482,
"AUS","GDP","TOT","USD_CAP","A","1985",14499.612185,
"AUS","GDP","TOT","USD_CAP","A","1986",14983.765347,
"AUS","GDP","TOT","USD_CAP","A","1987",16043.861476,
"AUS","GDP","TOT","USD_CAP","A","1988",17113.13789,
"AUS","GDP","TOT","USD_CAP","A","1989",17819.344946,
"AUS","GDP","TOT","USD_CAP","A","1990",17824.885721,
"AUS","GDP","TOT","USD_CAP","A","1991",18165.377494,
"AUS","GDP","TOT","USD_CAP","A","1992",19136.159001,
"AUS","GDP","TOT","USD_CAP","A","1993",20162.394808,
"AUS","GDP","TOT","USD_CAP","A","1994",21397.512383,
"AUS","GDP","TOT","USD_CAP","A","1995",22405.572327,
"AUS","GDP","TOT","USD_CAP","A","1996",23268.405809,
"AUS","GDP","TOT","USD_CAP","A","1997",24442.265328,
"AUS","GDP","TOT","USD_CAP","A","1998",25671.582448,
"AUS","GDP","TOT","USD_CAP","A","1999",27121.296361,
"AUS","GDP","TOT","USD_CAP","A","2000",28304.656736,
"AUS","GDP","TOT","USD_CAP","A","2001",29561.398865,
"AUS","GDP","TOT","USD_CAP","A","2002",30800.452131,
"AUS","GDP","TOT","USD_CAP","A","2003",32352.941829,
"AUS","GDP","TOT","USD_CAP","A","2004",33962.015143,
"AUS","GDP","TOT","USD_CAP","A","2005",35642.418706,
"AUS","GDP","TOT","USD_CAP","A","2006",37893.838998,
"AUS","GDP","TOT","USD_CAP","A","2007",39658.373846,
"AUS","GDP","TOT","USD_CAP","A","2008",40105.110301,
"AUS","GDP","TOT","USD_CAP","A","2009",41636.496066,
"AUS","GDP","TOT","USD_CAP","A","2010",42809.92706,
"AUS","GDP","TOT","USD_CAP","A","2011",44429.559507,
"AUS","GDP","TOT","USD_CAP","A","2012",43883.378891,
"AUS","GDP","TOT","USD_CAP","A","2013",47761.901259,
"AUS","GDP","TOT","USD_CAP","A","2014",47603.880878,
"AUS","GDP","TOT","USD_CAP","A","2015",47232.62912,
"AUS","GDP","TOT","USD_CAP","A","2016",50150.652199,
"AUS","GDP","TOT","USD_CAP","A","2017",50699.175108,
"AUS","GDP","TOT","USD_CAP","A","2018",52980.734327,
"AUS","GDP","TOT","USD_CAP","A","2019",52669.473903,
"AUS","GDP","TOT","USD_CAP","A","2020",55635.462558,
"AUS","GDP","TOT","USD_CAP","A","2021",61631.9388,"E"
"AUT","GDP","TOT","USD_CAP","A","1970",3827.4696,"E"
"AUT","GDP","TOT","USD_CAP","A","1971",4207.954197,"E"
"AUT","GDP","TOT","USD_CAP","A","1972",4635.794493,"E"
"AUT","GDP","TOT","USD_CAP","A","1973",5100.415556,"E"
"AUT","GDP","TOT","USD_CAP","A","1974",5768.748958,"E"
"AUT","GDP","TOT","USD_CAP","A","1975",6296.822115,"E"
"AUT","GDP","TOT","USD_CAP","A","1976",6959.364576,"E"
"AUT","GDP","TOT","USD_CAP","A","1977",7764.295103,"E"
"AUT","GDP","TOT","USD_CAP","A","1978",8299.632824,"E"
"AUT","GDP","TOT","USD_CAP","A","1979",9485.84459,"E"
"AUT","GDP","TOT","USD_CAP","A","1980",10521.779488,"E"
"AUT","GDP","TOT","USD_CAP","A","1981",11471.454965,"E"
"AUT","GDP","TOT","USD_CAP","A","1982",12416.259069,"E"
"AUT","GDP","TOT","USD_CAP","A","1983",13307.67029,"E"
"AUT","GDP","TOT","USD_CAP","A","1984",13795.709885,"E"
"AUT","GDP","TOT","USD_CAP","A","1985",14580.758004,"E"
"AUT","GDP","TOT","USD_CAP","A","1986",15207.04947,"E"
"AUT","GDP","TOT","USD_CAP","A","1987",15784.587381,"E"
"AUT","GDP","TOT","USD_CAP","A","1988",16856.088262,"E"
"AUT","GDP","TOT","USD_CAP","A","1989",18116.00377,"E"
"AUT","GDP","TOT","USD_CAP","A","1990",19462.00202,"E"
"AUT","GDP","TOT","USD_CAP","A","1991",20605.858411,"E"
"AUT","GDP","TOT","USD_CAP","A","1992",21281.163537,"E"
"AUT","GDP","TOT","USD_CAP","A","1993",21720.516419,"E"
"AUT","GDP","TOT","USD_CAP","A","1994",22629.969517,"E"
"AUT","GDP","TOT","USD_CAP","A","1995",23684.631137,
"AUT","GDP","TOT","USD_CAP","A","1996",24553.847293,
"AUT","GDP","TOT","USD_CAP","A","1997",25426.720108,
"AUT","GDP","TOT","USD_CAP","A","1998",26675.030467,
"AUT","GDP","TOT","USD_CAP","A","1999",27606.484243,
"AUT","GDP","TOT","USD_CAP","A","2000",29376.007114,
"AUT","GDP","TOT","USD_CAP","A","2001",29702.787329,
"AUT","GDP","TOT","USD_CAP","A","2002",31178.051444,
"AUT","GDP","TOT","USD_CAP","A","2003",32156.836376,
"AUT","GDP","TOT","USD_CAP","A","2004",33784.254235,
"AUT","GDP","TOT","USD_CAP","A","2005",35024.557484,
"AUT","GDP","TOT","USD_CAP","A","2006",37665.32274,
"AUT","GDP","TOT","USD_CAP","A","2007",39432.047401,
"AUT","GDP","TOT","USD_CAP","A","2008",41316.022642,
"AUT","GDP","TOT","USD_CAP","A","2009",40927.134687,
"AUT","GDP","TOT","USD_CAP","A","2010",42021.154209,
"AUT","GDP","TOT","USD_CAP","A","2011",44469.209642,
"AUT","GDP","TOT","USD_CAP","A","2012",46477.655075,
"AUT","GDP","TOT","USD_CAP","A","2013",47936.677963,
"AUT","GDP","TOT","USD_CAP","A","2014",48813.534409,
"AUT","GDP","TOT","USD_CAP","A","2015",49942.056293,
"AUT","GDP","TOT","USD_CAP","A","2016",52665.087457,
"AUT","GDP","TOT","USD_CAP","A","2017",54188.360666,
"AUT","GDP","TOT","USD_CAP","A","2018",56978.264771,
"AUT","GDP","TOT","USD_CAP","A","2019",58091.272285,
"AUT","GDP","TOT","USD_CAP","A","2020",55686.067736,
"AUT","GDP","TOT","USD_CAP","A","2021",58338.848817,
"BEL","GDP","TOT","USD_CAP","A","1970",3874.078284,"E"
"BEL","GDP","TOT","USD_CAP","A","1971",4207.946256,"E"
"BEL","GDP","TOT","USD_CAP","A","1972",4603.427342,"E"
"BEL","GDP","TOT","USD_CAP","A","1973",5137.625399,"E"
"BEL","GDP","TOT","USD_CAP","A","1974",5817.200595,"E"
"BEL","GDP","TOT","USD_CAP","A","1975",6254.392799,"E"
"BEL","GDP","TOT","USD_CAP","A","1976",6960.228896,"E"
"BEL","GDP","TOT","USD_CAP","A","1977",7430.650778,"E"
"BEL","GDP","TOT","USD_CAP","A","1978",8172.679401,"E"
"BEL","GDP","TOT","USD_CAP","A","1979",9051.485878,"E"
"BEL","GDP","TOT","USD_CAP","A","1980",10300.72909,"E"
"BEL","GDP","TOT","USD_CAP","A","1981",11235.921327,"E"
"BEL","GDP","TOT","USD_CAP","A","1982",11991.353912,"E"
"BEL","GDP","TOT","USD_CAP","A","1983",12493.55416,"E"
"BEL","GDP","TOT","USD_CAP","A","1984",13262.194417,"E"
"BEL","GDP","TOT","USD_CAP","A","1985",13904.774282,"E"
"BEL","GDP","TOT","USD_CAP","A","1986",14440.427947,"E"
"BEL","GDP","TOT","USD_CAP","A","1987",15121.968238,"E"
"BEL","GDP","TOT","USD_CAP","A","1988",16338.53763,"E"
"BEL","GDP","TOT","USD_CAP","A","1989",17504.470426,"E"
"BEL","GDP","TOT","USD_CAP","A","1990",18676.853014,"E"
"BEL","GDP","TOT","USD_CAP","A","1991",19587.725699,"E"
"BEL","GDP","TOT","USD_CAP","A","1992",20257.758736,"E"
"BEL","GDP","TOT","USD_CAP","A","1993",20459.046642,"E"
"BEL","GDP","TOT","USD_CAP","A","1994",21506.271256,"E"
"BEL","GDP","TOT","USD_CAP","A","1995",22434.291135,
"BEL","GDP","TOT","USD_CAP","A","1996",22737.627302,
"BEL","GDP","TOT","USD_CAP","A","1997",23732.844169,
"BEL","GDP","TOT","USD_CAP","A","1998",24368.935554,
"BEL","GDP","TOT","USD_CAP","A","1999",25441.891387,
"BEL","GDP","TOT","USD_CAP","A","2000",27785.247413,
"BEL","GDP","TOT","USD_CAP","A","2001",28786.875003,
"BEL","GDP","TOT","USD_CAP","A","2002",30281.667989,
"BEL","GDP","TOT","USD_CAP","A","2003",30933.261931,
"BEL","GDP","TOT","USD_CAP","A","2004",32063.504441,
"BEL","GDP","TOT","USD_CAP","A","2005",33176.680884,
"BEL","GDP","TOT","USD_CAP","A","2006",35259.055109,
"BEL","GDP","TOT","USD_CAP","A","2007",36790.154396,
"BEL","GDP","TOT","USD_CAP","A","2008",37883.233422,
"BEL","GDP","TOT","USD_CAP","A","2009",37751.245094,
"BEL","GDP","TOT","USD_CAP","A","2010",39838.570162,
"BEL","GDP","TOT","USD_CAP","A","2011",40943.343479,
"BEL","GDP","TOT","USD_CAP","A","2012",42290.477674,
"BEL","GDP","TOT","USD_CAP","A","2013",43672.712292,
"BEL","GDP","TOT","USD_CAP","A","2014",44929.933328,
"BEL","GDP","TOT","USD_CAP","A","2015",46201.685891,
"BEL","GDP","TOT","USD_CAP","A","2016",48599.202676,
"BEL","GDP","TOT","USD_CAP","A","2017",50442.947518,
"BEL","GDP","TOT","USD_CAP","A","2018",52535.511671,
"BEL","GDP","TOT","USD_CAP","A","2019",54278.264883,
"BEL","GDP","TOT","USD_CAP","A","2020",53071.34083,"P"
"BEL","GDP","TOT","USD_CAP","A","2021",58925.223286,"P"
"CAN","GDP","TOT","USD_CAP","A","1970",4590.894787,
"CAN","GDP","TOT","USD_CAP","A","1971",4950.765082,
"CAN","GDP","TOT","USD_CAP","A","1972",5386.444197,
"CAN","GDP","TOT","USD_CAP","A","1973",5996.234615,
"CAN","GDP","TOT","USD_CAP","A","1974",6656.633762,
"CAN","GDP","TOT","USD_CAP","A","1975",7272.57446,
"CAN","GDP","TOT","USD_CAP","A","1976",8017.674279,
"CAN","GDP","TOT","USD_CAP","A","1977",8706.146837,
"CAN","GDP","TOT","USD_CAP","A","1978",9566.069449,
"CAN","GDP","TOT","USD_CAP","A","1979",10638.380124,
"CAN","GDP","TOT","USD_CAP","A","1980",11697.55349,
"CAN","GDP","TOT","USD_CAP","A","1981",13086.821695,
"CAN","GDP","TOT","USD_CAP","A","1982",13293.393286,
"CAN","GDP","TOT","USD_CAP","A","1983",14034.005498,
"CAN","GDP","TOT","USD_CAP","A","1984",15254.727065,
"CAN","GDP","TOT","USD_CAP","A","1985",16332.753021,
"CAN","GDP","TOT","USD_CAP","A","1986",16850.728641,
"CAN","GDP","TOT","USD_CAP","A","1987",17735.380147,
"CAN","GDP","TOT","USD_CAP","A","1988",18923.753758,
"CAN","GDP","TOT","USD_CAP","A","1989",19763.483902,
"CAN","GDP","TOT","USD_CAP","A","1990",20229.752821,
"CAN","GDP","TOT","USD_CAP","A","1991",20224.680598,
"CAN","GDP","TOT","USD_CAP","A","1992",20626.208981,
"CAN","GDP","TOT","USD_CAP","A","1993",21440.052546,
"CAN","GDP","TOT","USD_CAP","A","1994",22632.831273,
"CAN","GDP","TOT","USD_CAP","A","1995",23485.643444,
"CAN","GDP","TOT","USD_CAP","A","1996",24050.176142,
"CAN","GDP","TOT","USD_CAP","A","1997",25259.725362,
"CAN","GDP","TOT","USD_CAP","A","1998",26319.930258,
"CAN","GDP","TOT","USD_CAP","A","1999",27841.629576,
"CAN","GDP","TOT","USD_CAP","A","2000",29362.289573,
"CAN","GDP","TOT","USD_CAP","A","2001",30231.005032,
"CAN","GDP","TOT","USD_CAP","A","2002",30963.222007,
"CAN","GDP","TOT","USD_CAP","A","2003",32350.070882,
"CAN","GDP","TOT","USD_CAP","A","2004",33925.89256,
"CAN","GDP","TOT","USD_CAP","A","2005",36327.662059,
"CAN","GDP","TOT","USD_CAP","A","2006",38120.176792,
"CAN","GDP","TOT","USD_CAP","A","2007",39575.324973,
"CAN","GDP","TOT","USD_CAP","A","2008",40376.330167,
"CAN","GDP","TOT","USD_CAP","A","2009",38865.406022,
"CAN","GDP","TOT","USD_CAP","A","2010",40099.497886,
"CAN","GDP","TOT","USD_CAP","A","2011",41666.718851,
"CAN","GDP","TOT","USD_CAP","A","2012",42290.879082,
"CAN","GDP","TOT","USD_CAP","A","2013",44298.514462,
"CAN","GDP","TOT","USD_CAP","A","2014",45753.782936,
"CAN","GDP","TOT","USD_CAP","A","2015",44670.054374,
"CAN","GDP","TOT","USD_CAP","A","2016",46472.368771,
"CAN","GDP","TOT","USD_CAP","A","2017",48317.191163,
"CAN","GDP","TOT","USD_CAP","A","2018",49892.028612,
"CAN","GDP","TOT","USD_CAP","A","2019",49286.811601,
"CAN","GDP","TOT","USD_CAP","A","2020",46572.141022,
"CAN","GDP","TOT","USD_CAP","A","2021",52021.596768,
"CZE","GDP","TOT","USD_CAP","A","1990",12681.906233,"E"
"CZE","GDP","TOT","USD_CAP","A","1991",11648.735367,"E"
"CZE","GDP","TOT","USD_CAP","A","1992",11843.365779,"E"
"CZE","GDP","TOT","USD_CAP","A","1993",12116.567577,"E"
"CZE","GDP","TOT","USD_CAP","A","1994",12728.49916,"E"
"CZE","GDP","TOT","USD_CAP","A","1995",13847.448523,
"CZE","GDP","TOT","USD_CAP","A","1996",14685.534567,
"CZE","GDP","TOT","USD_CAP","A","1997",14825.362879,
"CZE","GDP","TOT","USD_CAP","A","1998",14976.893186,
"CZE","GDP","TOT","USD_CAP","A","1999",15397.922823,
"CZE","GDP","TOT","USD_CAP","A","2000",16207.917488,
"CZE","GDP","TOT","USD_CAP","A","2001",17607.978234,
"CZE","GDP","TOT","USD_CAP","A","2002",18245.669005,
"CZE","GDP","TOT","USD_CAP","A","2003",19523.414149,
"CZE","GDP","TOT","USD_CAP","A","2004",20911.935483,
"CZE","GDP","TOT","USD_CAP","A","2005",22045.99888,
"CZE","GDP","TOT","USD_CAP","A","2006",23859.060519,
"CZE","GDP","TOT","USD_CAP","A","2007",26221.622963,
"CZE","GDP","TOT","USD_CAP","A","2008",27853.549898,
"CZE","GDP","TOT","USD_CAP","A","2009",27635.671734,
"CZE","GDP","TOT","USD_CAP","A","2010",27768.403198,
"CZE","GDP","TOT","USD_CAP","A","2011",28999.754757,
"CZE","GDP","TOT","USD_CAP","A","2012",29258.904853,
"CZE","GDP","TOT","USD_CAP","A","2013",30828.526409,
"CZE","GDP","TOT","USD_CAP","A","2014",32504.217576,
"CZE","GDP","TOT","USD_CAP","A","2015",33909.309243,
"CZE","GDP","TOT","USD_CAP","A","2016",36101.285601,
"CZE","GDP","TOT","USD_CAP","A","2017",38842.896268,
"CZE","GDP","TOT","USD_CAP","A","2018",41157.370409,
"CZE","GDP","TOT","USD_CAP","A","2019",42865.741123,
"CZE","GDP","TOT","USD_CAP","A","2020",41706.802061,
"CZE","GDP","TOT","USD_CAP","A","2021",44197.925718,
"DNK","GDP","TOT","USD_CAP","A","1966",3478.770665,
"DNK","GDP","TOT","USD_CAP","A","1967",3688.28276,
"DNK","GDP","TOT","USD_CAP","A","1968",4005.784471,
"DNK","GDP","TOT","USD_CAP","A","1969",4487.21877,
"DNK","GDP","TOT","USD_CAP","A","1970",4246.106479,
"DNK","GDP","TOT","USD_CAP","A","1971",4572.263935,
"DNK","GDP","TOT","USD_CAP","A","1972",4928.54088,
"DNK","GDP","TOT","USD_CAP","A","1973",5379.069668,
"DNK","GDP","TOT","USD_CAP","A","1974",5770.878725,
"DNK","GDP","TOT","USD_CAP","A","1975",6195.145717,
"DNK","GDP","TOT","USD_CAP","A","1976",6905.584386,
"DNK","GDP","TOT","USD_CAP","A","1977",7448.341531,
"DNK","GDP","TOT","USD_CAP","A","1978",8124.18907,
"DNK","GDP","TOT","USD_CAP","A","1979",9115.417471,
"DNK","GDP","TOT","USD_CAP","A","1980",9879.235216,
"DNK","GDP","TOT","USD_CAP","A","1981",10746.182238,
"DNK","GDP","TOT","USD_CAP","A","1982",11839.770178,
"DNK","GDP","TOT","USD_CAP","A","1983",12632.789811,
"DNK","GDP","TOT","USD_CAP","A","1984",13641.832978,
"DNK","GDP","TOT","USD_CAP","A","1985",14630.981494,
"DNK","GDP","TOT","USD_CAP","A","1986",15636.207959,
"DNK","GDP","TOT","USD_CAP","A","1987",16041.670369,
"DNK","GDP","TOT","USD_CAP","A","1988",16595.558047,
"DNK","GDP","TOT","USD_CAP","A","1989",17350.667402,
"DNK","GDP","TOT","USD_CAP","A","1990",18237.277349,
"DNK","GDP","TOT","USD_CAP","A","1991",19064.846763,
"DNK","GDP","TOT","USD_CAP","A","1992",19815.561034,
"DNK","GDP","TOT","USD_CAP","A","1993",20217.050295,
"DNK","GDP","TOT","USD_CAP","A","1994",21678.834838,
"DNK","GDP","TOT","USD_CAP","A","1995",22698.883331,
"DNK","GDP","TOT","USD_CAP","A","1996",23739.675523,
"DNK","GDP","TOT","USD_CAP","A","1997",24928.359728,
"DNK","GDP","TOT","USD_CAP","A","1998",25819.991621,
"DNK","GDP","TOT","USD_CAP","A","1999",26657.827372,
"DNK","GDP","TOT","USD_CAP","A","2000",28666.801364,
"DNK","GDP","TOT","USD_CAP","A","2001",29447.10764,
"DNK","GDP","TOT","USD_CAP","A","2002",30639.953691,
"DNK","GDP","TOT","USD_CAP","A","2003",30823.66973,
"DNK","GDP","TOT","USD_CAP","A","2004",32947.978761,
"DNK","GDP","TOT","USD_CAP","A","2005",34152.881663,
"DNK","GDP","TOT","USD_CAP","A","2006",37336.259676,
"DNK","GDP","TOT","USD_CAP","A","2007",39016.473111,
"DNK","GDP","TOT","USD_CAP","A","2008",41282.995471,
"DNK","GDP","TOT","USD_CAP","A","2009",40332.101078,
"DNK","GDP","TOT","USD_CAP","A","2010",43008.349298,
"DNK","GDP","TOT","USD_CAP","A","2011",44407.94207,
"DNK","GDP","TOT","USD_CAP","A","2012",44808.549212,
"DNK","GDP","TOT","USD_CAP","A","2013",46742.939663,
"DNK","GDP","TOT","USD_CAP","A","2014",47905.477079,
"DNK","GDP","TOT","USD_CAP","A","2015",49058.142344,
"DNK","GDP","TOT","USD_CAP","A","2016",51967.020438,
"DNK","GDP","TOT","USD_CAP","A","2017",55356.49009,
"DNK","GDP","TOT","USD_CAP","A","2018",57479.350221,
"DNK","GDP","TOT","USD_CAP","A","2019",58495.572023,
"DNK","GDP","TOT","USD_CAP","A","2020",60098.509912,
"DNK","GDP","TOT","USD_CAP","A","2021",64876.683301,
"FIN","GDP","TOT","USD_CAP","A","1970",3381.403455,"E"
"FIN","GDP","TOT","USD_CAP","A","1971",3631.818431,"E"
"FIN","GDP","TOT","USD_CAP","A","1972",4057.263847,"E"
"FIN","GDP","TOT","USD_CAP","A","1973",4552.964453,"E"
"FIN","GDP","TOT","USD_CAP","A","1974",5095.986638,"E"
"FIN","GDP","TOT","USD_CAP","A","1975",5643.960445,"E"
"FIN","GDP","TOT","USD_CAP","A","1976",5956.995417,"E"
"FIN","GDP","TOT","USD_CAP","A","1977",6324.613492,"E"
"FIN","GDP","TOT","USD_CAP","A","1978",6947.187336,"E"
"FIN","GDP","TOT","USD_CAP","A","1979",8038.751799,"E"
"FIN","GDP","TOT","USD_CAP","A","1980",9208.639178,
"FIN","GDP","TOT","USD_CAP","A","1981",10168.997861,
"FIN","GDP","TOT","USD_CAP","A","1982",11070.811632,
"FIN","GDP","TOT","USD_CAP","A","1983",11792.372337,
"FIN","GDP","TOT","USD_CAP","A","1984",12546.203572,
"FIN","GDP","TOT","USD_CAP","A","1985",13346.530929,
"FIN","GDP","TOT","USD_CAP","A","1986",13944.990809,
"FIN","GDP","TOT","USD_CAP","A","1987",14758.947993,
"FIN","GDP","TOT","USD_CAP","A","1988",16029.914228,
"FIN","GDP","TOT","USD_CAP","A","1989",17442.656295,
"FIN","GDP","TOT","USD_CAP","A","1990",18136.510019,
"FIN","GDP","TOT","USD_CAP","A","1991",17550.081359,
"FIN","GDP","TOT","USD_CAP","A","1992",17261.207964,
"FIN","GDP","TOT","USD_CAP","A","1993",17468.842064,
"FIN","GDP","TOT","USD_CAP","A","1994",18469.12411,
"FIN","GDP","TOT","USD_CAP","A","1995",19576.529082,
"FIN","GDP","TOT","USD_CAP","A","1996",20082.225846,
"FIN","GDP","TOT","USD_CAP","A","1997",21794.643081,
"FIN","GDP","TOT","USD_CAP","A","1998",23576.939571,
"FIN","GDP","TOT","USD_CAP","A","1999",24767.163974,
"FIN","GDP","TOT","USD_CAP","A","2000",26784.759711,
"FIN","GDP","TOT","USD_CAP","A","2001",27795.729376,
"FIN","GDP","TOT","USD_CAP","A","2002",28605.122922,
"FIN","GDP","TOT","USD_CAP","A","2003",29051.575674,
"FIN","GDP","TOT","USD_CAP","A","2004",31201.582428,
"FIN","GDP","TOT","USD_CAP","A","2005",32051.762889,
"FIN","GDP","TOT","USD_CAP","A","2006",34454.903347,
"FIN","GDP","TOT","USD_CAP","A","2007",37838.480369,
"FIN","GDP","TOT","USD_CAP","A","2008",40083.701943,
"FIN","GDP","TOT","USD_CAP","A","2009",37972.066456,
"FIN","GDP","TOT","USD_CAP","A","2010",38956.123401,
"FIN","GDP","TOT","USD_CAP","A","2011",40916.647325,
"FIN","GDP","TOT","USD_CAP","A","2012",40872.854802,
"FIN","GDP","TOT","USD_CAP","A","2013",41492.918416,
"FIN","GDP","TOT","USD_CAP","A","2014",41749.864733,
"FIN","GDP","TOT","USD_CAP","A","2015",42490.211049,
"FIN","GDP","TOT","USD_CAP","A","2016",44934.488245,
"FIN","GDP","TOT","USD_CAP","A","2017",47570.270354,
"FIN","GDP","TOT","USD_CAP","A","2018",49573.255773,
"FIN","GDP","TOT","USD_CAP","A","2019",50322.84765,
"FIN","GDP","TOT","USD_CAP","A","2020",50924.767502,
"FIN","GDP","TOT","USD_CAP","A","2021",54681.714503,
"FRA","GDP","TOT","USD_CAP","A","1960",1807.175059,
"FRA","GDP","TOT","USD_CAP","A","1961",1892.960772,
"FRA","GDP","TOT","USD_CAP","A","1962",2036.181205,
"FRA","GDP","TOT","USD_CAP","A","1963",2138.997489,
"FRA","GDP","TOT","USD_CAP","A","1964",2294.496424,
"FRA","GDP","TOT","USD_CAP","A","1965",2456.145844,
"FRA","GDP","TOT","USD_CAP","A","1966",2654.479048,
"FRA","GDP","TOT","USD_CAP","A","1967",2838.087508,
"FRA","GDP","TOT","USD_CAP","A","1968",3090.801782,
"FRA","GDP","TOT","USD_CAP","A","1969",3480.062658,
"FRA","GDP","TOT","USD_CAP","A","1970",3691.608377,
"FRA","GDP","TOT","USD_CAP","A","1971",4046.403619,
"FRA","GDP","TOT","USD_CAP","A","1972",4372.734001,
"FRA","GDP","TOT","USD_CAP","A","1973",4865.810449,
"FRA","GDP","TOT","USD_CAP","A","1974",5495.812795,
"FRA","GDP","TOT","USD_CAP","A","1975",5919.66049,
"FRA","GDP","TOT","USD_CAP","A","1976",6491.422419,
"FRA","GDP","TOT","USD_CAP","A","1977",7101.352822,
"FRA","GDP","TOT","USD_CAP","A","1978",7868.679785,
"FRA","GDP","TOT","USD_CAP","A","1979",8785.588876,
"FRA","GDP","TOT","USD_CAP","A","1980",9680.327711,
"FRA","GDP","TOT","USD_CAP","A","1981",10649.139839,
"FRA","GDP","TOT","USD_CAP","A","1982",11520.781791,
"FRA","GDP","TOT","USD_CAP","A","1983",12055.342986,
"FRA","GDP","TOT","USD_CAP","A","1984",12617.713198,
"FRA","GDP","TOT","USD_CAP","A","1985",13162.14187,
"FRA","GDP","TOT","USD_CAP","A","1986",13671.077224,
"FRA","GDP","TOT","USD_CAP","A","1987",14290.254083,
"FRA","GDP","TOT","USD_CAP","A","1988",15406.990059,
"FRA","GDP","TOT","USD_CAP","A","1989",16607.300266,
"FRA","GDP","TOT","USD_CAP","A","1990",17635.933113,
"FRA","GDP","TOT","USD_CAP","A","1991",18331.560797,
"FRA","GDP","TOT","USD_CAP","A","1992",18954.975239,
"FRA","GDP","TOT","USD_CAP","A","1993",19198.752995,
"FRA","GDP","TOT","USD_CAP","A","1994",19996.724653,
"FRA","GDP","TOT","USD_CAP","A","1995",20770.851286,
"FRA","GDP","TOT","USD_CAP","A","1996",21356.84585,
"FRA","GDP","TOT","USD_CAP","A","1997",22247.390158,
"FRA","GDP","TOT","USD_CAP","A","1998",23363.433609,
"FRA","GDP","TOT","USD_CAP","A","1999",24311.403864,
"FRA","GDP","TOT","USD_CAP","A","2000",26094.702334,
"FRA","GDP","TOT","USD_CAP","A","2001",27494.263406,
"FRA","GDP","TOT","USD_CAP","A","2002",28528.156107,
"FRA","GDP","TOT","USD_CAP","A","2003",28177.154488,
"FRA","GDP","TOT","USD_CAP","A","2004",29065.049601,
"FRA","GDP","TOT","USD_CAP","A","2005",30504.058784,
"FRA","GDP","TOT","USD_CAP","A","2006",32474.873006,
"FRA","GDP","TOT","USD_CAP","A","2007",34128.377616,
"FRA","GDP","TOT","USD_CAP","A","2008",35102.870428,
"FRA","GDP","TOT","USD_CAP","A","2009",34686.122294,
"FRA","GDP","TOT","USD_CAP","A","2010",35912.031842,
"FRA","GDP","TOT","USD_CAP","A","2011",37447.949543,
"FRA","GDP","TOT","USD_CAP","A","2012",37684.198067,
"FRA","GDP","TOT","USD_CAP","A","2013",39528.473644,
"FRA","GDP","TOT","USD_CAP","A","2014",40144.059485,
"FRA","GDP","TOT","USD_CAP","A","2015",40829.893311,
"FRA","GDP","TOT","USD_CAP","A","2016",42855.944562,
"FRA","GDP","TOT","USD_CAP","A","2017",44445.59677,
"FRA","GDP","TOT","USD_CAP","A","2018",46336.933985,
"FRA","GDP","TOT","USD_CAP","A","2019",48700.802342,"P"
"FRA","GDP","TOT","USD_CAP","A","2020",46713.800171,"P"
"FRA","GDP","TOT","USD_CAP","A","2021",50543.711372,"P"
"DEU","GDP","TOT","USD_CAP","A","1970",4043.013363,"E"
"DEU","GDP","TOT","USD_CAP","A","1971",4345.47139,"E"
"DEU","GDP","TOT","USD_CAP","A","1972",4706.038039,"E"
"DEU","GDP","TOT","USD_CAP","A","1973",5185.198774,"E"
"DEU","GDP","TOT","USD_CAP","A","1974",5700.443434,"E"
"DEU","GDP","TOT","USD_CAP","A","1975",6198.011778,"E"
"DEU","GDP","TOT","USD_CAP","A","1976",6894.471249,"E"
"DEU","GDP","TOT","USD_CAP","A","1977",7582.678639,"E"
"DEU","GDP","TOT","USD_CAP","A","1978",8369.088137,"E"
"DEU","GDP","TOT","USD_CAP","A","1979",9436.941109,"E"
"DEU","GDP","TOT","USD_CAP","A","1980",10407.829073,"E"
"DEU","GDP","TOT","USD_CAP","A","1981",11436.13171,"E"
"DEU","GDP","TOT","USD_CAP","A","1982",12107.557103,"E"
"DEU","GDP","TOT","USD_CAP","A","1983",12814.465165,"E"
"DEU","GDP","TOT","USD_CAP","A","1984",13699.970788,"E"
"DEU","GDP","TOT","USD_CAP","A","1985",14495.382199,"E"
"DEU","GDP","TOT","USD_CAP","A","1986",15121.257373,"E"
"DEU","GDP","TOT","USD_CAP","A","1987",15706.782512,"E"
"DEU","GDP","TOT","USD_CAP","A","1988",16777.948781,"E"
"DEU","GDP","TOT","USD_CAP","A","1989",17985.695376,"E"
"DEU","GDP","TOT","USD_CAP","A","1990",19469.482986,"E"
"DEU","GDP","TOT","USD_CAP","A","1991",20994.974774,
"DEU","GDP","TOT","USD_CAP","A","1992",21743.101272,
"DEU","GDP","TOT","USD_CAP","A","1993",21919.61171,
"DEU","GDP","TOT","USD_CAP","A","1994",22866.397307,
"DEU","GDP","TOT","USD_CAP","A","1995",23659.435696,
"DEU","GDP","TOT","USD_CAP","A","1996",24204.528643,
"DEU","GDP","TOT","USD_CAP","A","1997",24730.883681,
"DEU","GDP","TOT","USD_CAP","A","1998",25532.155882,
"DEU","GDP","TOT","USD_CAP","A","1999",26510.228697,
"DEU","GDP","TOT","USD_CAP","A","2000",27450.968334,
"DEU","GDP","TOT","USD_CAP","A","2001",28658.393694,
"DEU","GDP","TOT","USD_CAP","A","2002",29504.28924,
"DEU","GDP","TOT","USD_CAP","A","2003",30269.46437,
"DEU","GDP","TOT","USD_CAP","A","2004",31741.694797,
"DEU","GDP","TOT","USD_CAP","A","2005",32236.740986,
"DEU","GDP","TOT","USD_CAP","A","2006",34666.78278,
"DEU","GDP","TOT","USD_CAP","A","2007",36858.447691,
"DEU","GDP","TOT","USD_CAP","A","2008",38432.448211,
"DEU","GDP","TOT","USD_CAP","A","2009",37465.070354,
"DEU","GDP","TOT","USD_CAP","A","2010",39677.030829,
"DEU","GDP","TOT","USD_CAP","A","2011",42541.513126,
"DEU","GDP","TOT","USD_CAP","A","2012",43359.541048,
"DEU","GDP","TOT","USD_CAP","A","2013",44993.667838,
"DEU","GDP","TOT","USD_CAP","A","2014",47011.280402,
"DEU","GDP","TOT","USD_CAP","A","2015",47609.557159,
"DEU","GDP","TOT","USD_CAP","A","2016",50579.483717,
"DEU","GDP","TOT","USD_CAP","A","2017",53071.478374,
"DEU","GDP","TOT","USD_CAP","A","2018",55235.247726,"P"
"DEU","GDP","TOT","USD_CAP","A","2019",55652.877823,"P"
"DEU","GDP","TOT","USD_CAP","A","2020",54844.447231,"P"
"DEU","GDP","TOT","USD_CAP","A","2021",57881.167046,"P"
"GRC","GDP","TOT","USD_CAP","A","1970",3097.304744,"E"
"GRC","GDP","TOT","USD_CAP","A","1971",3494.41036,"E"
"GRC","GDP","TOT","USD_CAP","A","1972",3989.647471,"E"
"GRC","GDP","TOT","USD_CAP","A","1973",4528.443223,"E"
"GRC","GDP","TOT","USD_CAP","A","1974",4601.134185,"E"
"GRC","GDP","TOT","USD_CAP","A","1975",5297.773377,"E"
"GRC","GDP","TOT","USD_CAP","A","1976",5893.467406,"E"
"GRC","GDP","TOT","USD_CAP","A","1977",6346.15807,"E"
"GRC","GDP","TOT","USD_CAP","A","1978",7190.465963,"E"
"GRC","GDP","TOT","USD_CAP","A","1979",7943.240375,"E"
"GRC","GDP","TOT","USD_CAP","A","1980",8633.538759,"E"
"GRC","GDP","TOT","USD_CAP","A","1981",9221.368947,"E"
"GRC","GDP","TOT","USD_CAP","A","1982",9619.830053,"E"
"GRC","GDP","TOT","USD_CAP","A","1983",9831.535575,"E"
"GRC","GDP","TOT","USD_CAP","A","1984",10339.626695,"E"
"GRC","GDP","TOT","USD_CAP","A","1985",10892.422978,"E"
"GRC","GDP","TOT","USD_CAP","A","1986",11132.403422,"E"
"GRC","GDP","TOT","USD_CAP","A","1987",11112.082116,"E"
"GRC","GDP","TOT","USD_CAP","A","1988",11954.324264,"E"
"GRC","GDP","TOT","USD_CAP","A","1989",12827.332812,"E"
"GRC","GDP","TOT","USD_CAP","A","1990",13214.421156,"E"
"GRC","GDP","TOT","USD_CAP","A","1991",13966.572918,"E"
"GRC","GDP","TOT","USD_CAP","A","1992",14280.325643,"E"
"GRC","GDP","TOT","USD_CAP","A","1993",14306.031463,"E"
"GRC","GDP","TOT","USD_CAP","A","1994",14836.447029,"E"
"GRC","GDP","TOT","USD_CAP","A","1995",15424.465022,
"GRC","GDP","TOT","USD_CAP","A","1996",16145.425367,
"GRC","GDP","TOT","USD_CAP","A","1997",17155.838072,
"GRC","GDP","TOT","USD_CAP","A","1998",18033.707135,
"GRC","GDP","TOT","USD_CAP","A","1999",18464.726453,
"GRC","GDP","TOT","USD_CAP","A","2000",19516.213938,
"GRC","GDP","TOT","USD_CAP","A","2001",20954.75757,
"GRC","GDP","TOT","USD_CAP","A","2002",22615.957435,
"GRC","GDP","TOT","USD_CAP","A","2003",23896.54916,
"GRC","GDP","TOT","USD_CAP","A","2004",25460.416248,
"GRC","GDP","TOT","USD_CAP","A","2005",25577.445437,
"GRC","GDP","TOT","USD_CAP","A","2006",28549.064285,
"GRC","GDP","TOT","USD_CAP","A","2007",29320.198062,
"GRC","GDP","TOT","USD_CAP","A","2008",30855.935774,
"GRC","GDP","TOT","USD_CAP","A","2009",30359.133791,
"GRC","GDP","TOT","USD_CAP","A","2010",27913.001545,"B"
"GRC","GDP","TOT","USD_CAP","A","2011",25671.291223,
"GRC","GDP","TOT","USD_CAP","A","2012",24911.062614,
"GRC","GDP","TOT","USD_CAP","A","2013",25986.57671,
"GRC","GDP","TOT","USD_CAP","A","2014",26625.188631,
"GRC","GDP","TOT","USD_CAP","A","2015",26760.152201,
"GRC","GDP","TOT","USD_CAP","A","2016",27511.777671,
"GRC","GDP","TOT","USD_CAP","A","2017",28604.794575,
"GRC","GDP","TOT","USD_CAP","A","2018",29617.499309,
"GRC","GDP","TOT","USD_CAP","A","2019",30356.302549,"P"
"GRC","GDP","TOT","USD_CAP","A","2020",27923.999993,"P"
"GRC","GDP","TOT","USD_CAP","A","2021",31281.571731,"P"
"HUN","GDP","TOT","USD_CAP","A","1991",8342.870257,"E"
"HUN","GDP","TOT","USD_CAP","A","1992",8289.156414,"E"
"HUN","GDP","TOT","USD_CAP","A","1993",8461.338569,"E"
"HUN","GDP","TOT","USD_CAP","A","1994",8925.330134,"E"
"HUN","GDP","TOT","USD_CAP","A","1995",9187.36458,
"HUN","GDP","TOT","USD_CAP","A","1996",9349.707514,
"HUN","GDP","TOT","USD_CAP","A","1997",9824.840849,
"HUN","GDP","TOT","USD_CAP","A","1998",10398.102143,
"HUN","GDP","TOT","USD_CAP","A","1999",10873.247873,
"HUN","GDP","TOT","USD_CAP","A","2000",11853.178571,
"HUN","GDP","TOT","USD_CAP","A","2001",13207.922179,
"HUN","GDP","TOT","USD_CAP","A","2002",14526.388251,
"HUN","GDP","TOT","USD_CAP","A","2003",15481.320097,
"HUN","GDP","TOT","USD_CAP","A","2004",16272.005789,
"HUN","GDP","TOT","USD_CAP","A","2005",17112.202187,
"HUN","GDP","TOT","USD_CAP","A","2006",18389.410347,
"HUN","GDP","TOT","USD_CAP","A","2007",19099.851672,
"HUN","GDP","TOT","USD_CAP","A","2008",20727.889969,
"HUN","GDP","TOT","USD_CAP","A","2009",20729.783943,
"HUN","GDP","TOT","USD_CAP","A","2010",21751.833925,
"HUN","GDP","TOT","USD_CAP","A","2011",23038.80802,
"HUN","GDP","TOT","USD_CAP","A","2012",23275.231857,
"HUN","GDP","TOT","USD_CAP","A","2013",24556.715269,
"HUN","GDP","TOT","USD_CAP","A","2014",25699.750577,
"HUN","GDP","TOT","USD_CAP","A","2015",26806.595306,
"HUN","GDP","TOT","USD_CAP","A","2016",27947.637585,
"HUN","GDP","TOT","USD_CAP","A","2017",29501.120486,
"HUN","GDP","TOT","USD_CAP","A","2018",31913.074632,
"HUN","GDP","TOT","USD_CAP","A","2019",33514.94177,
"HUN","GDP","TOT","USD_CAP","A","2020",33274.347589,"P"
"HUN","GDP","TOT","USD_CAP","A","2021",36751.739602,"P"
"ISL","GDP","TOT","USD_CAP","A","1970",3854.759857,"E"
"ISL","GDP","TOT","USD_CAP","A","1971",4535.010746,"E"
"ISL","GDP","TOT","USD_CAP","A","1972",4946.879576,"E"
"ISL","GDP","TOT","USD_CAP","A","1973",5492.040523,"E"
"ISL","GDP","TOT","USD_CAP","A","1974",6240.85871,"E"
"ISL","GDP","TOT","USD_CAP","A","1975",6777.783934,"E"
"ISL","GDP","TOT","USD_CAP","A","1976",7504.588656,"E"
"ISL","GDP","TOT","USD_CAP","A","1977",8607.995528,"E"
"ISL","GDP","TOT","USD_CAP","A","1978",9690.757513,"E"
"ISL","GDP","TOT","USD_CAP","A","1979",10899.462258,"E"
"ISL","GDP","TOT","USD_CAP","A","1980",12434.247833,"E"
"ISL","GDP","TOT","USD_CAP","A","1981",14028.853073,"E"
"ISL","GDP","TOT","USD_CAP","A","1982",15008.826528,"E"
"ISL","GDP","TOT","USD_CAP","A","1983",15065.199655,"E"
"ISL","GDP","TOT","USD_CAP","A","1984",16086.46904,"E"
"ISL","GDP","TOT","USD_CAP","A","1985",17006.37697,"E"
"ISL","GDP","TOT","USD_CAP","A","1986",18299.830943,"E"
"ISL","GDP","TOT","USD_CAP","A","1987",20127.088037,"E"
"ISL","GDP","TOT","USD_CAP","A","1988",20491.52639,"E"
"ISL","GDP","TOT","USD_CAP","A","1989",21108.226615,"E"
"ISL","GDP","TOT","USD_CAP","A","1990",21976.893267,"E"
"ISL","GDP","TOT","USD_CAP","A","1991",22390.127412,"E"
"ISL","GDP","TOT","USD_CAP","A","1992",21861.807246,"E"
"ISL","GDP","TOT","USD_CAP","A","1993",22443.591858,"E"
"ISL","GDP","TOT","USD_CAP","A","1994",23551.632574,"E"
"ISL","GDP","TOT","USD_CAP","A","1995",23948.020653,
"ISL","GDP","TOT","USD_CAP","A","1996",24770.386257,
"ISL","GDP","TOT","USD_CAP","A","1997",26895.693448,
"ISL","GDP","TOT","USD_CAP","A","1998",28747.024152,
"ISL","GDP","TOT","USD_CAP","A","1999",29576.841574,
"ISL","GDP","TOT","USD_CAP","A","2000",29779.622737,
"ISL","GDP","TOT","USD_CAP","A","2001",31861.268682,
"ISL","GDP","TOT","USD_CAP","A","2002",32598.376021,
"ISL","GDP","TOT","USD_CAP","A","2003",32724.220972,
"ISL","GDP","TOT","USD_CAP","A","2004",35552.174225,
"ISL","GDP","TOT","USD_CAP","A","2005",37427.934965,
"ISL","GDP","TOT","USD_CAP","A","2006",39632.74879,
"ISL","GDP","TOT","USD_CAP","A","2007",41485.528568,
"ISL","GDP","TOT","USD_CAP","A","2008",43456.216759,
"ISL","GDP","TOT","USD_CAP","A","2009",41772.249616,
"ISL","GDP","TOT","USD_CAP","A","2010",39780.425359,
"ISL","GDP","TOT","USD_CAP","A","2011",40938.664549,
"ISL","GDP","TOT","USD_CAP","A","2012",42006.543346,
"ISL","GDP","TOT","USD_CAP","A","2013",44404.731588,
"ISL","GDP","TOT","USD_CAP","A","2014",45995.001692,
"ISL","GDP","TOT","USD_CAP","A","2015",49203.294991,
"ISL","GDP","TOT","USD_CAP","A","2016",53486.615773,
"ISL","GDP","TOT","USD_CAP","A","2017",55638.491978,
"ISL","GDP","TOT","USD_CAP","A","2018",57208.31151,
"ISL","GDP","TOT","USD_CAP","A","2019",58194.829569,
"ISL","GDP","TOT","USD_CAP","A","2020",53380.98629,
"ISL","GDP","TOT","USD_CAP","A","2021",57614.693442,
"IRL","GDP","TOT","USD_CAP","A","1970",2457.287819,"E"
"IRL","GDP","TOT","USD_CAP","A","1971",2646.321373,"E"
"IRL","GDP","TOT","USD_CAP","A","1972",2895.16021,"E"
"IRL","GDP","TOT","USD_CAP","A","1973",3147.001772,"E"
"IRL","GDP","TOT","USD_CAP","A","1974",3517.940732,"E"
"IRL","GDP","TOT","USD_CAP","A","1975",3993.472764,"E"
"IRL","GDP","TOT","USD_CAP","A","1976",4204.521012,"E"
"IRL","GDP","TOT","USD_CAP","A","1977",4767.476512,"E"
"IRL","GDP","TOT","USD_CAP","A","1978",5400.219692,"E"
"IRL","GDP","TOT","USD_CAP","A","1979",5931.322941,"E"
"IRL","GDP","TOT","USD_CAP","A","1980",6601.56436,"E"
"IRL","GDP","TOT","USD_CAP","A","1981",7375.419778,"E"
"IRL","GDP","TOT","USD_CAP","A","1982",7924.750739,"E"
"IRL","GDP","TOT","USD_CAP","A","1983",8156.432684,"E"
"IRL","GDP","TOT","USD_CAP","A","1984",8758.693316,"E"
"IRL","GDP","TOT","USD_CAP","A","1985",9282.923245,"E"
"IRL","GDP","TOT","USD_CAP","A","1986",9426.647653,"E"
"IRL","GDP","TOT","USD_CAP","A","1987",10107.339955,"E"
"IRL","GDP","TOT","USD_CAP","A","1988",11047.228474,"E"
"IRL","GDP","TOT","USD_CAP","A","1989",12220.453689,"E"
"IRL","GDP","TOT","USD_CAP","A","1990",13766.972623,"E"
"IRL","GDP","TOT","USD_CAP","A","1991",14424.888716,"E"
"IRL","GDP","TOT","USD_CAP","A","1992",15122.496297,"E"
"IRL","GDP","TOT","USD_CAP","A","1993",15813.276773,"E"
"IRL","GDP","TOT","USD_CAP","A","1994",17023.421025,"E"
"IRL","GDP","TOT","USD_CAP","A","1995",18973.930929,
"IRL","GDP","TOT","USD_CAP","A","1996",20539.893617,
"IRL","GDP","TOT","USD_CAP","A","1997",22697.240643,
"IRL","GDP","TOT","USD_CAP","A","1998",25082.584763,
"IRL","GDP","TOT","USD_CAP","A","1999",27041.622656,
"IRL","GDP","TOT","USD_CAP","A","2000",30212.996586,
"IRL","GDP","TOT","USD_CAP","A","2001",32587.805757,
"IRL","GDP","TOT","USD_CAP","A","2002",35222.881959,
"IRL","GDP","TOT","USD_CAP","A","2003",36278.795505,
"IRL","GDP","TOT","USD_CAP","A","2004",38761.397418,
"IRL","GDP","TOT","USD_CAP","A","2005",40465.540236,
"IRL","GDP","TOT","USD_CAP","A","2006",44271.383467,
"IRL","GDP","TOT","USD_CAP","A","2007",46760.275374,
"IRL","GDP","TOT","USD_CAP","A","2008",44105.305617,
"IRL","GDP","TOT","USD_CAP","A","2009",41436.633588,
"IRL","GDP","TOT","USD_CAP","A","2010",43214.112183,
"IRL","GDP","TOT","USD_CAP","A","2011",45100.566928,
"IRL","GDP","TOT","USD_CAP","A","2012",46409.6824,
"IRL","GDP","TOT","USD_CAP","A","2013",47882.067704,
"IRL","GDP","TOT","USD_CAP","A","2014",51195.991955,
"IRL","GDP","TOT","USD_CAP","A","2015",69165.900652,
"IRL","GDP","TOT","USD_CAP","A","2016",71633.128805,
"IRL","GDP","TOT","USD_CAP","A","2017",78051.654251,
"IRL","GDP","TOT","USD_CAP","A","2018",84824.352993,
"IRL","GDP","TOT","USD_CAP","A","2019",87550.548894,
"IRL","GDP","TOT","USD_CAP","A","2020",93442.328189,
"IRL","GDP","TOT","USD_CAP","A","2021",107862.427452,
"ITA","GDP","TOT","USD_CAP","A","1970",3630.217344,"E"
"ITA","GDP","TOT","USD_CAP","A","1971",3865.51596,"E"
"ITA","GDP","TOT","USD_CAP","A","1972",4157.768249,"E"
"ITA","GDP","TOT","USD_CAP","A","1973",4666.364033,"E"
"ITA","GDP","TOT","USD_CAP","A","1974",5331.024643,"E"
"ITA","GDP","TOT","USD_CAP","A","1975",5669.112173,"E"
"ITA","GDP","TOT","USD_CAP","A","1976",6375.394134,"E"
"ITA","GDP","TOT","USD_CAP","A","1977",6915.478076,"E"
"ITA","GDP","TOT","USD_CAP","A","1978",7614.557123,"E"
"ITA","GDP","TOT","USD_CAP","A","1979",8712.485947,"E"
"ITA","GDP","TOT","USD_CAP","A","1980",9805.09488,"E"
"ITA","GDP","TOT","USD_CAP","A","1981",10808.844019,"E"
"ITA","GDP","TOT","USD_CAP","A","1982",11517.342442,"E"
"ITA","GDP","TOT","USD_CAP","A","1983",12103.978158,"E"
"ITA","GDP","TOT","USD_CAP","A","1984",12942.313994,"E"
"ITA","GDP","TOT","USD_CAP","A","1985",13721.219516,"E"
"ITA","GDP","TOT","USD_CAP","A","1986",14397.088737,"E"
"ITA","GDP","TOT","USD_CAP","A","1987",15222.481567,"E"
"ITA","GDP","TOT","USD_CAP","A","1988",16412.507958,"E"
"ITA","GDP","TOT","USD_CAP","A","1989",17620.631646,"E"
"ITA","GDP","TOT","USD_CAP","A","1990",18627.654372,"E"
"ITA","GDP","TOT","USD_CAP","A","1991",19534.475117,"E"
"ITA","GDP","TOT","USD_CAP","A","1992",20138.67208,"E"
"ITA","GDP","TOT","USD_CAP","A","1993",20427.731852,"E"
"ITA","GDP","TOT","USD_CAP","A","1994",21308.38976,"E"
"ITA","GDP","TOT","USD_CAP","A","1995",22382.888423,
"ITA","GDP","TOT","USD_CAP","A","1996",23052.613386,
"ITA","GDP","TOT","USD_CAP","A","1997",23875.825483,
"ITA","GDP","TOT","USD_CAP","A","1998",25021.100094,
"ITA","GDP","TOT","USD_CAP","A","1999",25602.386484,
"ITA","GDP","TOT","USD_CAP","A","2000",27072.426242,
"ITA","GDP","TOT","USD_CAP","A","2001",28030.921543,
"ITA","GDP","TOT","USD_CAP","A","2002",28721.076279,
"ITA","GDP","TOT","USD_CAP","A","2003",29153.1923,
"ITA","GDP","TOT","USD_CAP","A","2004",29481.685632,
"ITA","GDP","TOT","USD_CAP","A","2005",30028.488979,
"ITA","GDP","TOT","USD_CAP","A","2006",32311.38283,
"ITA","GDP","TOT","USD_CAP","A","2007",33956.490392,
"ITA","GDP","TOT","USD_CAP","A","2008",35292.601856,
"ITA","GDP","TOT","USD_CAP","A","2009",34335.571618,
"ITA","GDP","TOT","USD_CAP","A","2010",34839.916955,
"ITA","GDP","TOT","USD_CAP","A","2011",36203.328522,
"ITA","GDP","TOT","USD_CAP","A","2012",36091.373957,
"ITA","GDP","TOT","USD_CAP","A","2013",36267.925352,
"ITA","GDP","TOT","USD_CAP","A","2014",36475.976061,
"ITA","GDP","TOT","USD_CAP","A","2015",37206.331822,
"ITA","GDP","TOT","USD_CAP","A","2016",40267.222623,
"ITA","GDP","TOT","USD_CAP","A","2017",41951.466331,
"ITA","GDP","TOT","USD_CAP","A","2018",43427.663143,
"ITA","GDP","TOT","USD_CAP","A","2019",44376.174443,
"ITA","GDP","TOT","USD_CAP","A","2020",41995.337395,
"ITA","GDP","TOT","USD_CAP","A","2021",45902.22894,
"JPN","GDP","TOT","USD_CAP","A","1970",3423.4527,"E"
"JPN","GDP","TOT","USD_CAP","A","1971",3728.984807,"E"
"JPN","GDP","TOT","USD_CAP","A","1972",4160.681839,"E"
"JPN","GDP","TOT","USD_CAP","A","1973",4632.996761,"E"
"JPN","GDP","TOT","USD_CAP","A","1974",4920.112643,"E"
"JPN","GDP","TOT","USD_CAP","A","1975",5474.455907,"E"
"JPN","GDP","TOT","USD_CAP","A","1976",5938.754932,"E"
"JPN","GDP","TOT","USD_CAP","A","1977",6520.501737,"E"
"JPN","GDP","TOT","USD_CAP","A","1978",7280.589542,"E"
"JPN","GDP","TOT","USD_CAP","A","1979",8248.122461,"E"
"JPN","GDP","TOT","USD_CAP","A","1980",9173.740186,
"JPN","GDP","TOT","USD_CAP","A","1981",10387.860226,
"JPN","GDP","TOT","USD_CAP","A","1982",11313.761505,
"JPN","GDP","TOT","USD_CAP","A","1983",12098.354701,
"JPN","GDP","TOT","USD_CAP","A","1984",12998.456029,
"JPN","GDP","TOT","USD_CAP","A","1985",14014.825018,
"JPN","GDP","TOT","USD_CAP","A","1986",14693.828843,
"JPN","GDP","TOT","USD_CAP","A","1987",15681.605455,
"JPN","GDP","TOT","USD_CAP","A","1988",17242.221462,
"JPN","GDP","TOT","USD_CAP","A","1989",18723.282601,
"JPN","GDP","TOT","USD_CAP","A","1990",20289.488255,
"JPN","GDP","TOT","USD_CAP","A","1991",21624.047285,
"JPN","GDP","TOT","USD_CAP","A","1992",22234.862694,
"JPN","GDP","TOT","USD_CAP","A","1993",22581.120139,
"JPN","GDP","TOT","USD_CAP","A","1994",22834.751706,
"JPN","GDP","TOT","USD_CAP","A","1995",23865.913636,
"JPN","GDP","TOT","USD_CAP","A","1996",25009.682085,
"JPN","GDP","TOT","USD_CAP","A","1997",25629.420659,
"JPN","GDP","TOT","USD_CAP","A","1998",25520.196541,
"JPN","GDP","TOT","USD_CAP","A","1999",25744.916581,
"JPN","GDP","TOT","USD_CAP","A","2000",27289.851934,
"JPN","GDP","TOT","USD_CAP","A","2001",27946.083138,
"JPN","GDP","TOT","USD_CAP","A","2002",28633.69892,
"JPN","GDP","TOT","USD_CAP","A","2003",29411.592882,
"JPN","GDP","TOT","USD_CAP","A","2004",30837.175423,
"JPN","GDP","TOT","USD_CAP","A","2005",32174.400107,
"JPN","GDP","TOT","USD_CAP","A","2006",33638.841255,
"JPN","GDP","TOT","USD_CAP","A","2007",35021.732224,
"JPN","GDP","TOT","USD_CAP","A","2008",35278.749846,
"JPN","GDP","TOT","USD_CAP","A","2009",33550.689549,
"JPN","GDP","TOT","USD_CAP","A","2010",35342.824721,
"JPN","GDP","TOT","USD_CAP","A","2011",36215.006272,
"JPN","GDP","TOT","USD_CAP","A","2012",37628.675989,
"JPN","GDP","TOT","USD_CAP","A","2013",39436.682585,
"JPN","GDP","TOT","USD_CAP","A","2014",39559.763471,
"JPN","GDP","TOT","USD_CAP","A","2015",40908.781547,
"JPN","GDP","TOT","USD_CAP","A","2016",40642.704531,
"JPN","GDP","TOT","USD_CAP","A","2017",41531.221619,
"JPN","GDP","TOT","USD_CAP","A","2018",42239.050068,
"JPN","GDP","TOT","USD_CAP","A","2019",42438.755946,
"JPN","GDP","TOT","USD_CAP","A","2020",42285.325693,
"JPN","GDP","TOT","USD_CAP","A","2021",43001.852891,"E"
"KOR","GDP","TOT","USD_CAP","A","1970",600.506995,
"KOR","GDP","TOT","USD_CAP","A","1971",683.866885,
"KOR","GDP","TOT","USD_CAP","A","1972",750.698124,
"KOR","GDP","TOT","USD_CAP","A","1973",893.852097,
"KOR","GDP","TOT","USD_CAP","A","1974",1048.844987,
"KOR","GDP","TOT","USD_CAP","A","1975",1215.208903,
"KOR","GDP","TOT","USD_CAP","A","1976",1428.597512,
"KOR","GDP","TOT","USD_CAP","A","1977",1678.187382,
"KOR","GDP","TOT","USD_CAP","A","1978",1962.941483,
"KOR","GDP","TOT","USD_CAP","A","1979",2275.356423,
"KOR","GDP","TOT","USD_CAP","A","1980",2402.301405,
"KOR","GDP","TOT","USD_CAP","A","1981",2776.532293,
"KOR","GDP","TOT","USD_CAP","A","1982",3144.913567,
"KOR","GDP","TOT","USD_CAP","A","1983",3651.020351,
"KOR","GDP","TOT","USD_CAP","A","1984",4130.54515,
"KOR","GDP","TOT","USD_CAP","A","1985",4550.154481,
"KOR","GDP","TOT","USD_CAP","A","1986",5116.42119,
"KOR","GDP","TOT","USD_CAP","A","1987",5852.103004,
"KOR","GDP","TOT","USD_CAP","A","1988",6718.788433,
"KOR","GDP","TOT","USD_CAP","A","1989",7402.41363,
"KOR","GDP","TOT","USD_CAP","A","1990",8355.387935,
"KOR","GDP","TOT","USD_CAP","A","1991",9474.577826,
"KOR","GDP","TOT","USD_CAP","A","1992",10184.846816,
"KOR","GDP","TOT","USD_CAP","A","1993",11030.619105,
"KOR","GDP","TOT","USD_CAP","A","1994",12187.129391,
"KOR","GDP","TOT","USD_CAP","A","1995",13502.580041,
"KOR","GDP","TOT","USD_CAP","A","1996",14693.993279,
"KOR","GDP","TOT","USD_CAP","A","1997",15721.561966,
"KOR","GDP","TOT","USD_CAP","A","1998",14974.498788,
"KOR","GDP","TOT","USD_CAP","A","1999",16807.013023,
"KOR","GDP","TOT","USD_CAP","A","2000",18538.879306,
"KOR","GDP","TOT","USD_CAP","A","2001",19724.494236,
"KOR","GDP","TOT","USD_CAP","A","2002",21396.719189,
"KOR","GDP","TOT","USD_CAP","A","2003",22096.023078,
"KOR","GDP","TOT","USD_CAP","A","2004",23773.590825,
"KOR","GDP","TOT","USD_CAP","A","2005",25186.638103,
"KOR","GDP","TOT","USD_CAP","A","2006",26884.429402,
"KOR","GDP","TOT","USD_CAP","A","2007",29064.701966,
"KOR","GDP","TOT","USD_CAP","A","2008",29945.899216,
"KOR","GDP","TOT","USD_CAP","A","2009",29508.282758,
"KOR","GDP","TOT","USD_CAP","A","2010",31736.700156,
"KOR","GDP","TOT","USD_CAP","A","2011",32546.517725,
"KOR","GDP","TOT","USD_CAP","A","2012",33557.030447,
"KOR","GDP","TOT","USD_CAP","A","2013",34244.239492,
"KOR","GDP","TOT","USD_CAP","A","2014",35324.260296,
"KOR","GDP","TOT","USD_CAP","A","2015",37902.361018,
"KOR","GDP","TOT","USD_CAP","A","2016",39575.302078,
"KOR","GDP","TOT","USD_CAP","A","2017",40957.347064,
"KOR","GDP","TOT","USD_CAP","A","2018",43025.990397,
"KOR","GDP","TOT","USD_CAP","A","2019",43044.8068,
"KOR","GDP","TOT","USD_CAP","A","2020",45274.090605,"P"
"KOR","GDP","TOT","USD_CAP","A","2021",46731.416375,"E"
"LUX","GDP","TOT","USD_CAP","A","1970",5480.764875,"E"
"LUX","GDP","TOT","USD_CAP","A","1971",5856.935374,"E"
"LUX","GDP","TOT","USD_CAP","A","1972",6434.347174,"E"
"LUX","GDP","TOT","USD_CAP","A","1973",7269.322744,"E"
"LUX","GDP","TOT","USD_CAP","A","1974",8150.275447,"E"
"LUX","GDP","TOT","USD_CAP","A","1975",8229.625186,"E"
"LUX","GDP","TOT","USD_CAP","A","1976",8858.163404,"E"
"LUX","GDP","TOT","USD_CAP","A","1977",9537.742406,"E"
"LUX","GDP","TOT","USD_CAP","A","1978",10607.003701,"E"
"LUX","GDP","TOT","USD_CAP","A","1979",11727.312366,"E"
"LUX","GDP","TOT","USD_CAP","A","1980",12844.631776,"E"
"LUX","GDP","TOT","USD_CAP","A","1981",13944.27954,"E"
"LUX","GDP","TOT","USD_CAP","A","1982",14965.100759,"E"
"LUX","GDP","TOT","USD_CAP","A","1983",16011.711147,"E"
"LUX","GDP","TOT","USD_CAP","A","1984",17601.301143,"E"
"LUX","GDP","TOT","USD_CAP","A","1985",18634.300885,"E"
"LUX","GDP","TOT","USD_CAP","A","1986",20810.97627,"E"
"LUX","GDP","TOT","USD_CAP","A","1987",22024.639942,"E"
"LUX","GDP","TOT","USD_CAP","A","1988",24519.639443,"E"
"LUX","GDP","TOT","USD_CAP","A","1989",27703.383727,"E"
"LUX","GDP","TOT","USD_CAP","A","1990",29928.565386,"E"
"LUX","GDP","TOT","USD_CAP","A","1991",33163.688393,"E"
"LUX","GDP","TOT","USD_CAP","A","1992",34070.201961,"E"
"LUX","GDP","TOT","USD_CAP","A","1993",35831.516634,"E"
"LUX","GDP","TOT","USD_CAP","A","1994",37449.258929,"E"
"LUX","GDP","TOT","USD_CAP","A","1995",38242.303017,
"LUX","GDP","TOT","USD_CAP","A","1996",39687.691557,
"LUX","GDP","TOT","USD_CAP","A","1997",42445.125662,
"LUX","GDP","TOT","USD_CAP","A","1998",44215.931839,
"LUX","GDP","TOT","USD_CAP","A","1999",49744.96918,
"LUX","GDP","TOT","USD_CAP","A","2000",55032.143721,
"LUX","GDP","TOT","USD_CAP","A","2001",56082.401307,
"LUX","GDP","TOT","USD_CAP","A","2002",58513.393595,
"LUX","GDP","TOT","USD_CAP","A","2003",60112.409068,
"LUX","GDP","TOT","USD_CAP","A","2004",64633.730041,
"LUX","GDP","TOT","USD_CAP","A","2005",68707.781706,
"LUX","GDP","TOT","USD_CAP","A","2006",78830.462472,
"LUX","GDP","TOT","USD_CAP","A","2007",84984.721145,
"LUX","GDP","TOT","USD_CAP","A","2008",90863.784075,
"LUX","GDP","TOT","USD_CAP","A","2009",86799.979136,
"LUX","GDP","TOT","USD_CAP","A","2010",90257.591595,
"LUX","GDP","TOT","USD_CAP","A","2011",94278.922851,
"LUX","GDP","TOT","USD_CAP","A","2012",96535.745828,
"LUX","GDP","TOT","USD_CAP","A","2013",100561.366405,
"LUX","GDP","TOT","USD_CAP","A","2014",104917.945675,
"LUX","GDP","TOT","USD_CAP","A","2015",107898.304236,
"LUX","GDP","TOT","USD_CAP","A","2016",112955.470175,
"LUX","GDP","TOT","USD_CAP","A","2017",114862.528755,
"LUX","GDP","TOT","USD_CAP","A","2018",116801.142101,
"LUX","GDP","TOT","USD_CAP","A","2019",117058.928146,
"LUX","GDP","TOT","USD_CAP","A","2020",117721.247087,
"LUX","GDP","TOT","USD_CAP","A","2021",134340.373726,
"MEX","GDP","TOT","USD_CAP","A","1970",1821.231807,"E"
"MEX","GDP","TOT","USD_CAP","A","1971",1927.274057,"E"
"MEX","GDP","TOT","USD_CAP","A","1972",2110.463843,"E"
"MEX","GDP","TOT","USD_CAP","A","1973",2335.347894,"E"
"MEX","GDP","TOT","USD_CAP","A","1974",2616.012156,"E"
"MEX","GDP","TOT","USD_CAP","A","1975",2926.660122,"E"
"MEX","GDP","TOT","USD_CAP","A","1976",3123.797478,"E"
"MEX","GDP","TOT","USD_CAP","A","1977",3333.352316,"E"
"MEX","GDP","TOT","USD_CAP","A","1978",3754.173258,"E"
"MEX","GDP","TOT","USD_CAP","A","1979",4315.112329,"E"
"MEX","GDP","TOT","USD_CAP","A","1980",4940.061065,"E"
"MEX","GDP","TOT","USD_CAP","A","1981",5747.034732,"E"
"MEX","GDP","TOT","USD_CAP","A","1982",5921.25591,"E"
"MEX","GDP","TOT","USD_CAP","A","1983",5757.16342,"E"
"MEX","GDP","TOT","USD_CAP","A","1984",6045.235413,"E"
"MEX","GDP","TOT","USD_CAP","A","1985",6273.769365,"E"
"MEX","GDP","TOT","USD_CAP","A","1986",6033.887794,"E"
"MEX","GDP","TOT","USD_CAP","A","1987",6171.62267,"E"
"MEX","GDP","TOT","USD_CAP","A","1988",6340.201974,"E"
"MEX","GDP","TOT","USD_CAP","A","1989",6731.458394,"E"
"MEX","GDP","TOT","USD_CAP","A","1990",7196.211257,"E"
"MEX","GDP","TOT","USD_CAP","A","1991",7616.689733,"E"
"MEX","GDP","TOT","USD_CAP","A","1992",7938.419674,"E"
"MEX","GDP","TOT","USD_CAP","A","1993",8280.532735,
"MEX","GDP","TOT","USD_CAP","A","1994",8736.564824,
"MEX","GDP","TOT","USD_CAP","A","1995",8231.658739,
"MEX","GDP","TOT","USD_CAP","A","1996",8820.661494,
"MEX","GDP","TOT","USD_CAP","A","1997",9456.139259,
"MEX","GDP","TOT","USD_CAP","A","1998",9925.675065,
"MEX","GDP","TOT","USD_CAP","A","1999",10216.053137,
"MEX","GDP","TOT","USD_CAP","A","2000",10870.092123,
"MEX","GDP","TOT","USD_CAP","A","2001",10937.137897,
"MEX","GDP","TOT","USD_CAP","A","2002",10999.980338,
"MEX","GDP","TOT","USD_CAP","A","2003",11308.492366,
"MEX","GDP","TOT","USD_CAP","A","2004",11926.995989,
"MEX","GDP","TOT","USD_CAP","A","2005",12539.95753,
"MEX","GDP","TOT","USD_CAP","A","2006",13725.383603,
"MEX","GDP","TOT","USD_CAP","A","2007",14240.154451,
"MEX","GDP","TOT","USD_CAP","A","2008",14885.902438,
"MEX","GDP","TOT","USD_CAP","A","2009",14521.804398,
"MEX","GDP","TOT","USD_CAP","A","2010",15252.073238,
"MEX","GDP","TOT","USD_CAP","A","2011",16546.641414,
"MEX","GDP","TOT","USD_CAP","A","2012",17220.06914,
"MEX","GDP","TOT","USD_CAP","A","2013",17461.798268,
"MEX","GDP","TOT","USD_CAP","A","2014",18178.397421,
"MEX","GDP","TOT","USD_CAP","A","2015",18454.801482,
"MEX","GDP","TOT","USD_CAP","A","2016",19516.145022,
"MEX","GDP","TOT","USD_CAP","A","2017",19947.197691,
"MEX","GDP","TOT","USD_CAP","A","2018",20354.829507,
"MEX","GDP","TOT","USD_CAP","A","2019",20145.644354,"P"
"MEX","GDP","TOT","USD_CAP","A","2020",18962.568201,"P"
"MEX","GDP","TOT","USD_CAP","A","2021",20386.907843,"E"
"NLD","GDP","TOT","USD_CAP","A","1969",4086.836185,"E"
"NLD","GDP","TOT","USD_CAP","A","1970",4417.004965,"E"
"NLD","GDP","TOT","USD_CAP","A","1971",4782.447669,"E"
"NLD","GDP","TOT","USD_CAP","A","1972",5062.057973,"E"
"NLD","GDP","TOT","USD_CAP","A","1973",5602.906249,"E"
"NLD","GDP","TOT","USD_CAP","A","1974",6317.644002,"E"
"NLD","GDP","TOT","USD_CAP","A","1975",6852.118038,"E"
"NLD","GDP","TOT","USD_CAP","A","1976",7513.174939,"E"
"NLD","GDP","TOT","USD_CAP","A","1977",8084.594023,"E"
"NLD","GDP","TOT","USD_CAP","A","1978",8802.209108,"E"
"NLD","GDP","TOT","USD_CAP","A","1979",9659.396119,"E"
"NLD","GDP","TOT","USD_CAP","A","1980",10786.708549,"E"
"NLD","GDP","TOT","USD_CAP","A","1981",11633.434127,"E"
"NLD","GDP","TOT","USD_CAP","A","1982",12143.515296,"E"
"NLD","GDP","TOT","USD_CAP","A","1983",12830.159983,"E"
"NLD","GDP","TOT","USD_CAP","A","1984",13647.781343,"E"
"NLD","GDP","TOT","USD_CAP","A","1985",14377.862177,"E"
"NLD","GDP","TOT","USD_CAP","A","1986",14994.434065,"E"
"NLD","GDP","TOT","USD_CAP","A","1987",15558.357199,"E"
"NLD","GDP","TOT","USD_CAP","A","1988",16553.081539,"E"
"NLD","GDP","TOT","USD_CAP","A","1989",17858.340003,"E"
"NLD","GDP","TOT","USD_CAP","A","1990",19171.411116,"E"
"NLD","GDP","TOT","USD_CAP","A","1991",20140.113873,"E"
"NLD","GDP","TOT","USD_CAP","A","1992",20793.210344,"E"
"NLD","GDP","TOT","USD_CAP","A","1993",21401.533293,"E"
"NLD","GDP","TOT","USD_CAP","A","1994",22372.643797,"E"
"NLD","GDP","TOT","USD_CAP","A","1995",23433.663488,
"NLD","GDP","TOT","USD_CAP","A","1996",24509.565661,
"NLD","GDP","TOT","USD_CAP","A","1997",26016.461583,
"NLD","GDP","TOT","USD_CAP","A","1998",27709.330528,
"NLD","GDP","TOT","USD_CAP","A","1999",29268.685491,
"NLD","GDP","TOT","USD_CAP","A","2000",31869.842367,
"NLD","GDP","TOT","USD_CAP","A","2001",33180.544383,
"NLD","GDP","TOT","USD_CAP","A","2002",34447.053372,
"NLD","GDP","TOT","USD_CAP","A","2003",34150.260289,
"NLD","GDP","TOT","USD_CAP","A","2004",35809.295703,
"NLD","GDP","TOT","USD_CAP","A","2005",37625.252435,
"NLD","GDP","TOT","USD_CAP","A","2006",41014.044759,
"NLD","GDP","TOT","USD_CAP","A","2007",43938.347892,
"NLD","GDP","TOT","USD_CAP","A","2008",46419.042594,
"NLD","GDP","TOT","USD_CAP","A","2009",44557.981143,
"NLD","GDP","TOT","USD_CAP","A","2010",45044.969112,
"NLD","GDP","TOT","USD_CAP","A","2011",46599.227659,
"NLD","GDP","TOT","USD_CAP","A","2012",47271.968226,
"NLD","GDP","TOT","USD_CAP","A","2013",49242.786711,
"NLD","GDP","TOT","USD_CAP","A","2014",49233.230349,
"NLD","GDP","TOT","USD_CAP","A","2015",50288.352815,
"NLD","GDP","TOT","USD_CAP","A","2016",52289.404292,
"NLD","GDP","TOT","USD_CAP","A","2017",55089.58143,
"NLD","GDP","TOT","USD_CAP","A","2018",57825.399708,
"NLD","GDP","TOT","USD_CAP","A","2019",59003.864774,
"NLD","GDP","TOT","USD_CAP","A","2020",59001.177882,"P"
"NLD","GDP","TOT","USD_CAP","A","2021",63445.083337,"P"
"NZL","GDP","TOT","USD_CAP","A","1970",3922.035308,"E"
"NZL","GDP","TOT","USD_CAP","A","1971",4302.865697,
"NZL","GDP","TOT","USD_CAP","A","1972",4714.571568,
"NZL","GDP","TOT","USD_CAP","A","1973",5078.434327,
"NZL","GDP","TOT","USD_CAP","A","1974",5675.649616,
"NZL","GDP","TOT","USD_CAP","A","1975",6289.033284,
"NZL","GDP","TOT","USD_CAP","A","1976",6539.245253,
"NZL","GDP","TOT","USD_CAP","A","1977",6465.887162,
"NZL","GDP","TOT","USD_CAP","A","1978",7243.1525,
"NZL","GDP","TOT","USD_CAP","A","1979",7661.330268,
"NZL","GDP","TOT","USD_CAP","A","1980",8442.524194,
"NZL","GDP","TOT","USD_CAP","A","1981",9437.069122,
"NZL","GDP","TOT","USD_CAP","A","1982",10438.094443,
"NZL","GDP","TOT","USD_CAP","A","1983",11205.850122,
"NZL","GDP","TOT","USD_CAP","A","1984",12291.795118,
"NZL","GDP","TOT","USD_CAP","A","1985",12637.055078,
"NZL","GDP","TOT","USD_CAP","A","1986",13243.537014,
"NZL","GDP","TOT","USD_CAP","A","1987",13375.675369,
"NZL","GDP","TOT","USD_CAP","A","1988",13852.619656,
"NZL","GDP","TOT","USD_CAP","A","1989",14434.596002,
"NZL","GDP","TOT","USD_CAP","A","1990",14681.342317,
"NZL","GDP","TOT","USD_CAP","A","1991",14528.570835,
"NZL","GDP","TOT","USD_CAP","A","1992",14872.409341,
"NZL","GDP","TOT","USD_CAP","A","1993",15886.494453,
"NZL","GDP","TOT","USD_CAP","A","1994",16982.119107,
"NZL","GDP","TOT","USD_CAP","A","1995",17831.916527,
"NZL","GDP","TOT","USD_CAP","A","1996",18394.744452,
"NZL","GDP","TOT","USD_CAP","A","1997",19089.290758,
"NZL","GDP","TOT","USD_CAP","A","1998",19312.991931,
"NZL","GDP","TOT","USD_CAP","A","1999",20537.595625,
"NZL","GDP","TOT","USD_CAP","A","2000",21470.850533,
"NZL","GDP","TOT","USD_CAP","A","2001",22399.270791,
"NZL","GDP","TOT","USD_CAP","A","2002",23180.064981,
"NZL","GDP","TOT","USD_CAP","A","2003",23868.729248,
"NZL","GDP","TOT","USD_CAP","A","2004",25006.738203,
"NZL","GDP","TOT","USD_CAP","A","2005",25590.127446,
"NZL","GDP","TOT","USD_CAP","A","2006",27675.50845,
"NZL","GDP","TOT","USD_CAP","A","2007",29290.053915,
"NZL","GDP","TOT","USD_CAP","A","2008",29748.931565,
"NZL","GDP","TOT","USD_CAP","A","2009",30572.372215,
"NZL","GDP","TOT","USD_CAP","A","2010",31135.864443,
"NZL","GDP","TOT","USD_CAP","A","2011",32638.103325,
"NZL","GDP","TOT","USD_CAP","A","2012",32916.91304,
"NZL","GDP","TOT","USD_CAP","A","2013",36084.865782,
"NZL","GDP","TOT","USD_CAP","A","2014",37084.794142,
"NZL","GDP","TOT","USD_CAP","A","2015",37246.951138,
"NZL","GDP","TOT","USD_CAP","A","2016",39696.946073,
"NZL","GDP","TOT","USD_CAP","A","2017",42008.211082,
"NZL","GDP","TOT","USD_CAP","A","2018",42334.17358,
"NZL","GDP","TOT","USD_CAP","A","2019",45251.266802,
"NZL","GDP","TOT","USD_CAP","A","2020",44698.274404,
"NZL","GDP","TOT","USD_CAP","A","2021",46388.713365,"E"
"NOR","GDP","TOT","USD_CAP","A","1970",3362.991808,
"NOR","GDP","TOT","USD_CAP","A","1971",3708.069915,
"NOR","GDP","TOT","USD_CAP","A","1972",4043.488558,
"NOR","GDP","TOT","USD_CAP","A","1973",4426.882946,
"NOR","GDP","TOT","USD_CAP","A","1974",4984.339185,
"NOR","GDP","TOT","USD_CAP","A","1975",5684.332298,
"NOR","GDP","TOT","USD_CAP","A","1976",6316.570078,
"NOR","GDP","TOT","USD_CAP","A","1977",6958.804292,
"NOR","GDP","TOT","USD_CAP","A","1978",7705.976267,
"NOR","GDP","TOT","USD_CAP","A","1979",8680.270217,
"NOR","GDP","TOT","USD_CAP","A","1980",9864.894269,
"NOR","GDP","TOT","USD_CAP","A","1981",10933.450211,
"NOR","GDP","TOT","USD_CAP","A","1982",11593.853401,
"NOR","GDP","TOT","USD_CAP","A","1983",12487.153245,
"NOR","GDP","TOT","USD_CAP","A","1984",13680.92182,
"NOR","GDP","TOT","USD_CAP","A","1985",14850.71832,
"NOR","GDP","TOT","USD_CAP","A","1986",15709.233378,
"NOR","GDP","TOT","USD_CAP","A","1987",16301.708295,
"NOR","GDP","TOT","USD_CAP","A","1988",16745.656183,
"NOR","GDP","TOT","USD_CAP","A","1989",17507.954935,
"NOR","GDP","TOT","USD_CAP","A","1990",18453.209654,
"NOR","GDP","TOT","USD_CAP","A","1991",19568.834956,
"NOR","GDP","TOT","USD_CAP","A","1992",20614.117946,
"NOR","GDP","TOT","USD_CAP","A","1993",21572.320418,
"NOR","GDP","TOT","USD_CAP","A","1994",23013.415645,
"NOR","GDP","TOT","USD_CAP","A","1995",24348.844805,
"NOR","GDP","TOT","USD_CAP","A","1996",26820.361703,
"NOR","GDP","TOT","USD_CAP","A","1997",28609.672746,
"NOR","GDP","TOT","USD_CAP","A","1998",28189.342916,
"NOR","GDP","TOT","USD_CAP","A","1999",30554.45254,
"NOR","GDP","TOT","USD_CAP","A","2000",36936.216144,
"NOR","GDP","TOT","USD_CAP","A","2001",37762.226185,
"NOR","GDP","TOT","USD_CAP","A","2002",37981.68638,
"NOR","GDP","TOT","USD_CAP","A","2003",38592.481304,
"NOR","GDP","TOT","USD_CAP","A","2004",42549.110819,
"NOR","GDP","TOT","USD_CAP","A","2005",47800.540634,
"NOR","GDP","TOT","USD_CAP","A","2006",54156.729649,
"NOR","GDP","TOT","USD_CAP","A","2007",55932.353349,
"NOR","GDP","TOT","USD_CAP","A","2008",61719.343656,
"NOR","GDP","TOT","USD_CAP","A","2009",55361.078297,
"NOR","GDP","TOT","USD_CAP","A","2010",57922.634469,
"NOR","GDP","TOT","USD_CAP","A","2011",62077.845797,
"NOR","GDP","TOT","USD_CAP","A","2012",65349.216157,
"NOR","GDP","TOT","USD_CAP","A","2013",66956.285962,
"NOR","GDP","TOT","USD_CAP","A","2014",65895.667611,
"NOR","GDP","TOT","USD_CAP","A","2015",60352.716908,
"NOR","GDP","TOT","USD_CAP","A","2016",58923.240139,
"NOR","GDP","TOT","USD_CAP","A","2017",64050.366694,
"NOR","GDP","TOT","USD_CAP","A","2018",69807.225536,
"NOR","GDP","TOT","USD_CAP","A","2019",66797.863207,
"NOR","GDP","TOT","USD_CAP","A","2020",62650.379161,
"NOR","GDP","TOT","USD_CAP","A","2021",79162.871042,
"POL","GDP","TOT","USD_CAP","A","1990",6201.544298,"E"
"POL","GDP","TOT","USD_CAP","A","1991",5949.276387,"E"
"POL","GDP","TOT","USD_CAP","A","1992",6227.429596,"E"
"POL","GDP","TOT","USD_CAP","A","1993",6605.054311,"E"
"POL","GDP","TOT","USD_CAP","A","1994",7097.40137,"E"
"POL","GDP","TOT","USD_CAP","A","1995",7745.418211,
"POL","GDP","TOT","USD_CAP","A","1996",8348.287338,
"POL","GDP","TOT","USD_CAP","A","1997",9020.097336,
"POL","GDP","TOT","USD_CAP","A","1998",9581.797308,
"POL","GDP","TOT","USD_CAP","A","1999",10143.29528,
"POL","GDP","TOT","USD_CAP","A","2000",10672.856292,
"POL","GDP","TOT","USD_CAP","A","2001",11118.865029,
"POL","GDP","TOT","USD_CAP","A","2002",11803.761357,
"POL","GDP","TOT","USD_CAP","A","2003",12291.541453,
"POL","GDP","TOT","USD_CAP","A","2004",13354.456755,
"POL","GDP","TOT","USD_CAP","A","2005",13898.413011,
"POL","GDP","TOT","USD_CAP","A","2006",15156.021515,
"POL","GDP","TOT","USD_CAP","A","2007",16804.843293,
"POL","GDP","TOT","USD_CAP","A","2008",18308.038986,
"POL","GDP","TOT","USD_CAP","A","2009",19074.247921,
"POL","GDP","TOT","USD_CAP","A","2010",20813.092736,
"POL","GDP","TOT","USD_CAP","A","2011",22553.514215,
"POL","GDP","TOT","USD_CAP","A","2012",23455.560312,
"POL","GDP","TOT","USD_CAP","A","2013",24272.842559,
"POL","GDP","TOT","USD_CAP","A","2014",25162.875509,
"POL","GDP","TOT","USD_CAP","A","2015",26534.723216,
"POL","GDP","TOT","USD_CAP","A","2016",27985.340009,
"POL","GDP","TOT","USD_CAP","A","2017",29714.590984,
"POL","GDP","TOT","USD_CAP","A","2018",31588.493559,
"POL","GDP","TOT","USD_CAP","A","2019",33427.503432,
"POL","GDP","TOT","USD_CAP","A","2020",34059.98442,
"POL","GDP","TOT","USD_CAP","A","2021",37400.262349,
"PRT","GDP","TOT","USD_CAP","A","1970",2076.990427,"E"
"PRT","GDP","TOT","USD_CAP","A","1971",2347.456681,"E"
"PRT","GDP","TOT","USD_CAP","A","1972",2649.215257,"E"
"PRT","GDP","TOT","USD_CAP","A","1973",3106.299184,"E"
"PRT","GDP","TOT","USD_CAP","A","1974",3377.191512,"E"
"PRT","GDP","TOT","USD_CAP","A","1975",3398.006364,"E"
"PRT","GDP","TOT","USD_CAP","A","1976",3725.066506,"E"
"PRT","GDP","TOT","USD_CAP","A","1977",4134.000934,"E"
"PRT","GDP","TOT","USD_CAP","A","1978",4500.358855,"E"
"PRT","GDP","TOT","USD_CAP","A","1979",5093.675796,"E"
"PRT","GDP","TOT","USD_CAP","A","1980",5746.227251,"E"
"PRT","GDP","TOT","USD_CAP","A","1981",6337.219115,"E"
"PRT","GDP","TOT","USD_CAP","A","1982",6830.139474,"E"
"PRT","GDP","TOT","USD_CAP","A","1983",7054.769211,"E"
"PRT","GDP","TOT","USD_CAP","A","1984",7147.460326,"E"
"PRT","GDP","TOT","USD_CAP","A","1985",7563.842611,"E"
"PRT","GDP","TOT","USD_CAP","A","1986",8035.69411,"E"
"PRT","GDP","TOT","USD_CAP","A","1987",8774.772006,"E"
"PRT","GDP","TOT","USD_CAP","A","1988",9790.09731,"E"
"PRT","GDP","TOT","USD_CAP","A","1989",10862.950857,"E"
"PRT","GDP","TOT","USD_CAP","A","1990",11759.764929,"E"
"PRT","GDP","TOT","USD_CAP","A","1991",12724.507025,"E"
"PRT","GDP","TOT","USD_CAP","A","1992",13161.573404,"E"
"PRT","GDP","TOT","USD_CAP","A","1993",13183.556934,"E"
"PRT","GDP","TOT","USD_CAP","A","1994",13562.362842,"E"
"PRT","GDP","TOT","USD_CAP","A","1995",14398.876224,
"PRT","GDP","TOT","USD_CAP","A","1996",14917.62635,
"PRT","GDP","TOT","USD_CAP","A","1997",15788.66677,
"PRT","GDP","TOT","USD_CAP","A","1998",16687.051603,
"PRT","GDP","TOT","USD_CAP","A","1999",17718.199563,
"PRT","GDP","TOT","USD_CAP","A","2000",18876.663002,
"PRT","GDP","TOT","USD_CAP","A","2001",19524.941284,
"PRT","GDP","TOT","USD_CAP","A","2002",20356.721555,
"PRT","GDP","TOT","USD_CAP","A","2003",20851.131027,
"PRT","GDP","TOT","USD_CAP","A","2004",21477.752034,
"PRT","GDP","TOT","USD_CAP","A","2005",22725.351606,
"PRT","GDP","TOT","USD_CAP","A","2006",24682.69159,
"PRT","GDP","TOT","USD_CAP","A","2007",25733.019568,
"PRT","GDP","TOT","USD_CAP","A","2008",26665.771577,
"PRT","GDP","TOT","USD_CAP","A","2009",26459.014535,
"PRT","GDP","TOT","USD_CAP","A","2010",27261.94794,
"PRT","GDP","TOT","USD_CAP","A","2011",26769.42769,
"PRT","GDP","TOT","USD_CAP","A","2012",26438.140472,
"PRT","GDP","TOT","USD_CAP","A","2013",27936.006299,
"PRT","GDP","TOT","USD_CAP","A","2014",28742.313125,
"PRT","GDP","TOT","USD_CAP","A","2015",29660.845901,
"PRT","GDP","TOT","USD_CAP","A","2016",31607.610185,
"PRT","GDP","TOT","USD_CAP","A","2017",33044.70015,
"PRT","GDP","TOT","USD_CAP","A","2018",34928.61899,
"PRT","GDP","TOT","USD_CAP","A","2019",36171.964841,
"PRT","GDP","TOT","USD_CAP","A","2020",34177.019943,"P"
"PRT","GDP","TOT","USD_CAP","A","2021",35914.440547,"P"
"SVK","GDP","TOT","USD_CAP","A","1992",7182.751007,"E"
"SVK","GDP","TOT","USD_CAP","A","1993",7467.483448,"E"
"SVK","GDP","TOT","USD_CAP","A","1994",8067.061009,"E"
"SVK","GDP","TOT","USD_CAP","A","1995",8690.753047,
"SVK","GDP","TOT","USD_CAP","A","1996",9404.38497,
"SVK","GDP","TOT","USD_CAP","A","1997",10085.791621,
"SVK","GDP","TOT","USD_CAP","A","1998",10622.380757,
"SVK","GDP","TOT","USD_CAP","A","1999",10714.989611,
"SVK","GDP","TOT","USD_CAP","A","2000",11351.316216,
"SVK","GDP","TOT","USD_CAP","A","2001",12384.456371,
"SVK","GDP","TOT","USD_CAP","A","2002",13307.878099,
"SVK","GDP","TOT","USD_CAP","A","2003",14165.405025,
"SVK","GDP","TOT","USD_CAP","A","2004",15197.802923,
"SVK","GDP","TOT","USD_CAP","A","2005",16595.261602,
"SVK","GDP","TOT","USD_CAP","A","2006",18851.357046,
"SVK","GDP","TOT","USD_CAP","A","2007",21136.075204,
"SVK","GDP","TOT","USD_CAP","A","2008",23608.977522,
"SVK","GDP","TOT","USD_CAP","A","2009",22947.016917,
"SVK","GDP","TOT","USD_CAP","A","2010",25122.641262,
"SVK","GDP","TOT","USD_CAP","A","2011",26147.239673,
"SVK","GDP","TOT","USD_CAP","A","2012",26894.994483,
"SVK","GDP","TOT","USD_CAP","A","2013",27917.45727,
"SVK","GDP","TOT","USD_CAP","A","2014",28930.034071,
"SVK","GDP","TOT","USD_CAP","A","2015",29972.9225,
"SVK","GDP","TOT","USD_CAP","A","2016",29645.701303,
"SVK","GDP","TOT","USD_CAP","A","2017",30066.187534,
"SVK","GDP","TOT","USD_CAP","A","2018",31218.960027,
"SVK","GDP","TOT","USD_CAP","A","2019",31971.867433,
"SVK","GDP","TOT","USD_CAP","A","2020",31346.275873,
"SVK","GDP","TOT","USD_CAP","A","2021",32986.812105,
"ESP","GDP","TOT","USD_CAP","A","1970",2767.318181,"E"
"ESP","GDP","TOT","USD_CAP","A","1971",3014.841481,"E"
"ESP","GDP","TOT","USD_CAP","A","1972",3371.120003,"E"
"ESP","GDP","TOT","USD_CAP","A","1973",3798.4462,"E"
"ESP","GDP","TOT","USD_CAP","A","1974",4330.960848,"E"
"ESP","GDP","TOT","USD_CAP","A","1975",4708.478848,"E"
"ESP","GDP","TOT","USD_CAP","A","1976",5071.463476,"E"
"ESP","GDP","TOT","USD_CAP","A","1977",5473.976045,"E"
"ESP","GDP","TOT","USD_CAP","A","1978",5878.290259,"E"
"ESP","GDP","TOT","USD_CAP","A","1979",6311.994782,"E"
"ESP","GDP","TOT","USD_CAP","A","1980",6958.784148,"E"
"ESP","GDP","TOT","USD_CAP","A","1981",7560.583317,"E"
"ESP","GDP","TOT","USD_CAP","A","1982",8084.275028,"E"
"ESP","GDP","TOT","USD_CAP","A","1983",8509.481478,"E"
"ESP","GDP","TOT","USD_CAP","A","1984",8937.253743,"E"
"ESP","GDP","TOT","USD_CAP","A","1985",9399.301384,"E"
"ESP","GDP","TOT","USD_CAP","A","1986",9870.483403,"E"
"ESP","GDP","TOT","USD_CAP","A","1987",10649.376396,"E"
"ESP","GDP","TOT","USD_CAP","A","1988",11561.237707,"E"
"ESP","GDP","TOT","USD_CAP","A","1989",12570.0709,"E"
"ESP","GDP","TOT","USD_CAP","A","1990",13513.174189,"E"
"ESP","GDP","TOT","USD_CAP","A","1991",14300.476741,"E"
"ESP","GDP","TOT","USD_CAP","A","1992",14727.846791,"E"
"ESP","GDP","TOT","USD_CAP","A","1993",14888.873603,"E"
"ESP","GDP","TOT","USD_CAP","A","1994",15541.356553,"E"
"ESP","GDP","TOT","USD_CAP","A","1995",16281.211493,
"ESP","GDP","TOT","USD_CAP","A","1996",16977.500528,
"ESP","GDP","TOT","USD_CAP","A","1997",17916.073162,
"ESP","GDP","TOT","USD_CAP","A","1998",19101.101187,
"ESP","GDP","TOT","USD_CAP","A","1999",19962.792109,
"ESP","GDP","TOT","USD_CAP","A","2000",21591.430573,
"ESP","GDP","TOT","USD_CAP","A","2001",22996.663676,
"ESP","GDP","TOT","USD_CAP","A","2002",24376.32871,
"ESP","GDP","TOT","USD_CAP","A","2003",25041.025848,
"ESP","GDP","TOT","USD_CAP","A","2004",26181.890036,
"ESP","GDP","TOT","USD_CAP","A","2005",27600.937175,
"ESP","GDP","TOT","USD_CAP","A","2006",30745.701401,
"ESP","GDP","TOT","USD_CAP","A","2007",32462.931726,
"ESP","GDP","TOT","USD_CAP","A","2008",33242.245427,
"ESP","GDP","TOT","USD_CAP","A","2009",32089.196919,
"ESP","GDP","TOT","USD_CAP","A","2010",31692.507932,
"ESP","GDP","TOT","USD_CAP","A","2011",31872.363088,
"ESP","GDP","TOT","USD_CAP","A","2012",31724.631513,
"ESP","GDP","TOT","USD_CAP","A","2013",32452.659676,
"ESP","GDP","TOT","USD_CAP","A","2014",33544.352014,
"ESP","GDP","TOT","USD_CAP","A","2015",34929.20969,
"ESP","GDP","TOT","USD_CAP","A","2016",37313.634913,
"ESP","GDP","TOT","USD_CAP","A","2017",39580.188366,
"ESP","GDP","TOT","USD_CAP","A","2018",40756.445269,
"ESP","GDP","TOT","USD_CAP","A","2019",41721.222195,"P"
"ESP","GDP","TOT","USD_CAP","A","2020",37764.086581,"P"
"ESP","GDP","TOT","USD_CAP","A","2021",40775.352596,"P"
"SWE","GDP","TOT","USD_CAP","A","1970",4903.017959,"E"
"SWE","GDP","TOT","USD_CAP","A","1971",5164.905314,"E"
"SWE","GDP","TOT","USD_CAP","A","1972",5495.206121,"E"
"SWE","GDP","TOT","USD_CAP","A","1973",6015.22569,"E"
"SWE","GDP","TOT","USD_CAP","A","1974",6746.309193,"E"
"SWE","GDP","TOT","USD_CAP","A","1975",7530.764275,"E"
"SWE","GDP","TOT","USD_CAP","A","1976",7999.98323,"E"
"SWE","GDP","TOT","USD_CAP","A","1977",8332.028527,"E"
"SWE","GDP","TOT","USD_CAP","A","1978",9047.975491,"E"
"SWE","GDP","TOT","USD_CAP","A","1979",10151.605698,"E"
"SWE","GDP","TOT","USD_CAP","A","1980",11235.097574,"E"
"SWE","GDP","TOT","USD_CAP","A","1981",12339.266003,"E"
"SWE","GDP","TOT","USD_CAP","A","1982",13257.247018,"E"
"SWE","GDP","TOT","USD_CAP","A","1983",14031.60463,"E"
"SWE","GDP","TOT","USD_CAP","A","1984",15138.165874,"E"
"SWE","GDP","TOT","USD_CAP","A","1985",15929.446608,"E"
"SWE","GDP","TOT","USD_CAP","A","1986",16647.721833,"E"
"SWE","GDP","TOT","USD_CAP","A","1987",17572.747784,"E"
"SWE","GDP","TOT","USD_CAP","A","1988",18574.122632,"E"
"SWE","GDP","TOT","USD_CAP","A","1989",19681.746811,"E"
"SWE","GDP","TOT","USD_CAP","A","1990",20413.953629,"E"
"SWE","GDP","TOT","USD_CAP","A","1991",20722.032096,"E"
"SWE","GDP","TOT","USD_CAP","A","1992",20825.457414,"E"
"SWE","GDP","TOT","USD_CAP","A","1993",20757.312154,
"SWE","GDP","TOT","USD_CAP","A","1994",21877.915533,
"SWE","GDP","TOT","USD_CAP","A","1995",23094.15369,
"SWE","GDP","TOT","USD_CAP","A","1996",23927.51014,
"SWE","GDP","TOT","USD_CAP","A","1997",24805.716833,
"SWE","GDP","TOT","USD_CAP","A","1998",25887.761442,
"SWE","GDP","TOT","USD_CAP","A","1999",27471.476497,
"SWE","GDP","TOT","USD_CAP","A","2000",29618.30891,
"SWE","GDP","TOT","USD_CAP","A","2001",29927.464323,
"SWE","GDP","TOT","USD_CAP","A","2002",30926.361002,
"SWE","GDP","TOT","USD_CAP","A","2003",31814.965825,
"SWE","GDP","TOT","USD_CAP","A","2004",33858.728495,
"SWE","GDP","TOT","USD_CAP","A","2005",34244.359285,
"SWE","GDP","TOT","USD_CAP","A","2006",37730.182732,
"SWE","GDP","TOT","USD_CAP","A","2007",40905.110734,
"SWE","GDP","TOT","USD_CAP","A","2008",42158.465614,
"SWE","GDP","TOT","USD_CAP","A","2009",40279.526697,
"SWE","GDP","TOT","USD_CAP","A","2010",42224.035942,
"SWE","GDP","TOT","USD_CAP","A","2011",44608.643898,
"SWE","GDP","TOT","USD_CAP","A","2012",45432.306926,
"SWE","GDP","TOT","USD_CAP","A","2013",46312.293685,
"SWE","GDP","TOT","USD_CAP","A","2014",47184.719403,
"SWE","GDP","TOT","USD_CAP","A","2015",49103.0618,
"SWE","GDP","TOT","USD_CAP","A","2016",50430.174559,
"SWE","GDP","TOT","USD_CAP","A","2017",51947.942867,
"SWE","GDP","TOT","USD_CAP","A","2018",53521.635778,
"SWE","GDP","TOT","USD_CAP","A","2019",54598.781841,
"SWE","GDP","TOT","USD_CAP","A","2020",55631.003715,
"SWE","GDP","TOT","USD_CAP","A","2021",60149.585635,
"CHE","GDP","TOT","USD_CAP","A","1970",7366.417513,"E"
"CHE","GDP","TOT","USD_CAP","A","1971",7958.382636,"E"
"CHE","GDP","TOT","USD_CAP","A","1972",8490.389088,"E"
"CHE","GDP","TOT","USD_CAP","A","1973",9171.805232,"E"
"CHE","GDP","TOT","USD_CAP","A","1974",10113.001637,"E"
"CHE","GDP","TOT","USD_CAP","A","1975",10335.305919,"E"
"CHE","GDP","TOT","USD_CAP","A","1976",10870.220325,"E"
"CHE","GDP","TOT","USD_CAP","A","1977",11858.23009,"E"
"CHE","GDP","TOT","USD_CAP","A","1978",12711.750005,"E"
"CHE","GDP","TOT","USD_CAP","A","1979",14068.785055,"E"
"CHE","GDP","TOT","USD_CAP","A","1980",15959.138587,
"CHE","GDP","TOT","USD_CAP","A","1981",17627.654208,
"CHE","GDP","TOT","USD_CAP","A","1982",18362.925463,
"CHE","GDP","TOT","USD_CAP","A","1983",19160.447719,
"CHE","GDP","TOT","USD_CAP","A","1984",20376.085794,
"CHE","GDP","TOT","USD_CAP","A","1985",21698.701179,
"CHE","GDP","TOT","USD_CAP","A","1986",22411.197982,
"CHE","GDP","TOT","USD_CAP","A","1987",23167.119819,
"CHE","GDP","TOT","USD_CAP","A","1988",24575.41688,
"CHE","GDP","TOT","USD_CAP","A","1989",26440.764461,
"CHE","GDP","TOT","USD_CAP","A","1990",28132.04439,
"CHE","GDP","TOT","USD_CAP","A","1991",28466.020466,
"CHE","GDP","TOT","USD_CAP","A","1992",28837.909228,
"CHE","GDP","TOT","USD_CAP","A","1993",29291.210462,
"CHE","GDP","TOT","USD_CAP","A","1994",30089.937536,
"CHE","GDP","TOT","USD_CAP","A","1995",30594.678443,
"CHE","GDP","TOT","USD_CAP","A","1996",31267.730109,
"CHE","GDP","TOT","USD_CAP","A","1997",32477.540139,
"CHE","GDP","TOT","USD_CAP","A","1998",33589.659906,
"CHE","GDP","TOT","USD_CAP","A","1999",34476.513265,
"CHE","GDP","TOT","USD_CAP","A","2000",36426.125454,
"CHE","GDP","TOT","USD_CAP","A","2001",37591.821675,
"CHE","GDP","TOT","USD_CAP","A","2002",38519.185231,
"CHE","GDP","TOT","USD_CAP","A","2003",38551.705241,
"CHE","GDP","TOT","USD_CAP","A","2004",40044.485897,
"CHE","GDP","TOT","USD_CAP","A","2005",41467.497321,
"CHE","GDP","TOT","USD_CAP","A","2006",46191.595599,
"CHE","GDP","TOT","USD_CAP","A","2007",50866.412763,
"CHE","GDP","TOT","USD_CAP","A","2008",53784.37338,
"CHE","GDP","TOT","USD_CAP","A","2009",53111.530359,
"CHE","GDP","TOT","USD_CAP","A","2010",54767.96782,
"CHE","GDP","TOT","USD_CAP","A","2011",57987.486864,
"CHE","GDP","TOT","USD_CAP","A","2012",59933.617056,
"CHE","GDP","TOT","USD_CAP","A","2013",62225.11235,
"CHE","GDP","TOT","USD_CAP","A","2014",64103.009758,
"CHE","GDP","TOT","USD_CAP","A","2015",66020.20952,
"CHE","GDP","TOT","USD_CAP","A","2016",68105.138178,
"CHE","GDP","TOT","USD_CAP","A","2017",69103.567686,
"CHE","GDP","TOT","USD_CAP","A","2018",71660.23286,
"CHE","GDP","TOT","USD_CAP","A","2019",72033.948683,
"CHE","GDP","TOT","USD_CAP","A","2020",71731.951611,
"CHE","GDP","TOT","USD_CAP","A","2021",77235.961977,"P"
"TUR","GDP","TOT","USD_CAP","A","1970",1772.556077,"E"
"TUR","GDP","TOT","USD_CAP","A","1971",1927.2872,"E"
"TUR","GDP","TOT","USD_CAP","A","1972",2104.885132,"E"
"TUR","GDP","TOT","USD_CAP","A","1973",2240.458883,"E"
"TUR","GDP","TOT","USD_CAP","A","1974",2509.231369,"E"
"TUR","GDP","TOT","USD_CAP","A","1975",2866.068125,"E"
"TUR","GDP","TOT","USD_CAP","A","1976",3263.996019,"E"
"TUR","GDP","TOT","USD_CAP","A","1977",3515.822845,"E"
"TUR","GDP","TOT","USD_CAP","A","1978",3742.422802,"E"
"TUR","GDP","TOT","USD_CAP","A","1979",3941.166281,"E"
"TUR","GDP","TOT","USD_CAP","A","1980",4106.643384,"E"
"TUR","GDP","TOT","USD_CAP","A","1981",4600.44724,"E"
"TUR","GDP","TOT","USD_CAP","A","1982",4933.469892,"E"
"TUR","GDP","TOT","USD_CAP","A","1983",5248.819891,"E"
"TUR","GDP","TOT","USD_CAP","A","1984",5661.649619,"E"
"TUR","GDP","TOT","USD_CAP","A","1985",5938.753382,"E"
"TUR","GDP","TOT","USD_CAP","A","1986",6335.133061,"E"
"TUR","GDP","TOT","USD_CAP","A","1987",6986.819242,"E"
"TUR","GDP","TOT","USD_CAP","A","1988",7261.95638,"E"
"TUR","GDP","TOT","USD_CAP","A","1989",7436.78677,"E"
"TUR","GDP","TOT","USD_CAP","A","1990",8287.285715,"E"
"TUR","GDP","TOT","USD_CAP","A","1991",8502.695577,"E"
"TUR","GDP","TOT","USD_CAP","A","1992",9066.297261,"E"
"TUR","GDP","TOT","USD_CAP","A","1993",9867.086771,"E"
"TUR","GDP","TOT","USD_CAP","A","1994",9378.340946,"E"
"TUR","GDP","TOT","USD_CAP","A","1995",10105.713916,"E"
"TUR","GDP","TOT","USD_CAP","A","1996",10828.957008,"E"
"TUR","GDP","TOT","USD_CAP","A","1997",11650.920711,"E"
"TUR","GDP","TOT","USD_CAP","A","1998",8937.380064,
"TUR","GDP","TOT","USD_CAP","A","1999",8625.279388,
"TUR","GDP","TOT","USD_CAP","A","2000",9474.770932,
"TUR","GDP","TOT","USD_CAP","A","2001",9141.573265,
"TUR","GDP","TOT","USD_CAP","A","2002",9279.072677,
"TUR","GDP","TOT","USD_CAP","A","2003",9597.452177,
"TUR","GDP","TOT","USD_CAP","A","2004",10884.257301,
"TUR","GDP","TOT","USD_CAP","A","2005",11910.606724,
"TUR","GDP","TOT","USD_CAP","A","2006",13641.649526,
"TUR","GDP","TOT","USD_CAP","A","2007",14863.073639,
"TUR","GDP","TOT","USD_CAP","A","2008",16038.231645,
"TUR","GDP","TOT","USD_CAP","A","2009",15442.615102,
"TUR","GDP","TOT","USD_CAP","A","2010",17346.72046,
"TUR","GDP","TOT","USD_CAP","A","2011",19590.858369,
"TUR","GDP","TOT","USD_CAP","A","2012",20627.440729,
"TUR","GDP","TOT","USD_CAP","A","2013",22373.136543,
"TUR","GDP","TOT","USD_CAP","A","2014",24104.984583,
"TUR","GDP","TOT","USD_CAP","A","2015",25855.912681,
"TUR","GDP","TOT","USD_CAP","A","2016",26695.909373,
"TUR","GDP","TOT","USD_CAP","A","2017",28193.061398,
"TUR","GDP","TOT","USD_CAP","A","2018",28281.473275,
"TUR","GDP","TOT","USD_CAP","A","2019",27144.223561,
"TUR","GDP","TOT","USD_CAP","A","2020",27547.040639,
"TUR","GDP","TOT","USD_CAP","A","2021",30796.759224,"P"
"GBR","GDP","TOT","USD_CAP","A","1960",2186.298678,
"GBR","GDP","TOT","USD_CAP","A","1961",2248.226997,
"GBR","GDP","TOT","USD_CAP","A","1962",2296.179887,
"GBR","GDP","TOT","USD_CAP","A","1963",2419.069763,
"GBR","GDP","TOT","USD_CAP","A","1964",2563.492244,
"GBR","GDP","TOT","USD_CAP","A","1965",2694.142395,
"GBR","GDP","TOT","USD_CAP","A","1966",2834.567525,
"GBR","GDP","TOT","USD_CAP","A","1967",2976.523362,
"GBR","GDP","TOT","USD_CAP","A","1968",3268.199673,
"GBR","GDP","TOT","USD_CAP","A","1969",3507.172729,
"GBR","GDP","TOT","USD_CAP","A","1970",3635.1077,
"GBR","GDP","TOT","USD_CAP","A","1971",3932.313316,
"GBR","GDP","TOT","USD_CAP","A","1972",4266.692306,
"GBR","GDP","TOT","USD_CAP","A","1973",4783.364329,
"GBR","GDP","TOT","USD_CAP","A","1974",5083.097106,
"GBR","GDP","TOT","USD_CAP","A","1975",5473.05265,
"GBR","GDP","TOT","USD_CAP","A","1976",5943.358907,
"GBR","GDP","TOT","USD_CAP","A","1977",6470.783414,
"GBR","GDP","TOT","USD_CAP","A","1978",7218.652851,
"GBR","GDP","TOT","USD_CAP","A","1979",8101.692948,
"GBR","GDP","TOT","USD_CAP","A","1980",8640.256823,
"GBR","GDP","TOT","USD_CAP","A","1981",9378.645108,
"GBR","GDP","TOT","USD_CAP","A","1982",10168.824851,
"GBR","GDP","TOT","USD_CAP","A","1983",11008.355388,
"GBR","GDP","TOT","USD_CAP","A","1984",11645.076594,
"GBR","GDP","TOT","USD_CAP","A","1985",12479.510434,
"GBR","GDP","TOT","USD_CAP","A","1986",13101.783235,
"GBR","GDP","TOT","USD_CAP","A","1987",14119.890156,
"GBR","GDP","TOT","USD_CAP","A","1988",15425.505691,
"GBR","GDP","TOT","USD_CAP","A","1989",16397.052074,
"GBR","GDP","TOT","USD_CAP","A","1990",17087.466414,
"GBR","GDP","TOT","USD_CAP","A","1991",17409.318226,
"GBR","GDP","TOT","USD_CAP","A","1992",17832.151894,
"GBR","GDP","TOT","USD_CAP","A","1993",18667.530404,
"GBR","GDP","TOT","USD_CAP","A","1994",19748.804476,
"GBR","GDP","TOT","USD_CAP","A","1995",20615.301291,
"GBR","GDP","TOT","USD_CAP","A","1996",21970.057138,
"GBR","GDP","TOT","USD_CAP","A","1997",23050.767067,
"GBR","GDP","TOT","USD_CAP","A","1998",23688.423991,
"GBR","GDP","TOT","USD_CAP","A","1999",24462.861538,
"GBR","GDP","TOT","USD_CAP","A","2000",26475.125389,
"GBR","GDP","TOT","USD_CAP","A","2001",27810.293295,
"GBR","GDP","TOT","USD_CAP","A","2002",29064.334681,
"GBR","GDP","TOT","USD_CAP","A","2003",30360.666209,
"GBR","GDP","TOT","USD_CAP","A","2004",32078.671762,
"GBR","GDP","TOT","USD_CAP","A","2005",32740.960237,
"GBR","GDP","TOT","USD_CAP","A","2006",34856.934524,
"GBR","GDP","TOT","USD_CAP","A","2007",35697.336383,
"GBR","GDP","TOT","USD_CAP","A","2008",36853.437474,
"GBR","GDP","TOT","USD_CAP","A","2009",35221.075895,
"GBR","GDP","TOT","USD_CAP","A","2010",36580.295495,
"GBR","GDP","TOT","USD_CAP","A","2011",37363.819988,
"GBR","GDP","TOT","USD_CAP","A","2012",38511.142147,
"GBR","GDP","TOT","USD_CAP","A","2013",40232.722312,
"GBR","GDP","TOT","USD_CAP","A","2014",41584.042063,
"GBR","GDP","TOT","USD_CAP","A","2015",42916.969653,
"GBR","GDP","TOT","USD_CAP","A","2016",44610.565649,
"GBR","GDP","TOT","USD_CAP","A","2017",46385.63354,
"GBR","GDP","TOT","USD_CAP","A","2018",47590.888987,
"GBR","GDP","TOT","USD_CAP","A","2019",49070.333125,
"GBR","GDP","TOT","USD_CAP","A","2020",46526.879586,
"GBR","GDP","TOT","USD_CAP","A","2021",49524.925097,
"USA","GDP","TOT","USD_CAP","A","1970",5233.352349,
"USA","GDP","TOT","USD_CAP","A","1971",5608.545346,
"USA","GDP","TOT","USD_CAP","A","1972",6093.20516,
"USA","GDP","TOT","USD_CAP","A","1973",6725.406839,
"USA","GDP","TOT","USD_CAP","A","1974",7224.204995,
"USA","GDP","TOT","USD_CAP","A","1975",7801.167695,
"USA","GDP","TOT","USD_CAP","A","1976",8590.244216,
"USA","GDP","TOT","USD_CAP","A","1977",9450.431025,
"USA","GDP","TOT","USD_CAP","A","1978",10562.860184,
"USA","GDP","TOT","USD_CAP","A","1979",11671.536965,
"USA","GDP","TOT","USD_CAP","A","1980",12547.12681,
"USA","GDP","TOT","USD_CAP","A","1981",13943.171542,
"USA","GDP","TOT","USD_CAP","A","1982",14399.353194,
"USA","GDP","TOT","USD_CAP","A","1983",15508.007835,
"USA","GDP","TOT","USD_CAP","A","1984",17080.014721,
"USA","GDP","TOT","USD_CAP","A","1985",18192.326398,
"USA","GDP","TOT","USD_CAP","A","1986",19027.646323,
"USA","GDP","TOT","USD_CAP","A","1987",19993.226076,
"USA","GDP","TOT","USD_CAP","A","1988",21367.896156,
"USA","GDP","TOT","USD_CAP","A","1989",22804.674457,
"USA","GDP","TOT","USD_CAP","A","1990",23835.319229,
"USA","GDP","TOT","USD_CAP","A","1991",24289.547588,
"USA","GDP","TOT","USD_CAP","A","1992",25378.624641,
"USA","GDP","TOT","USD_CAP","A","1993",26350.492927,
"USA","GDP","TOT","USD_CAP","A","1994",27660.268357,
"USA","GDP","TOT","USD_CAP","A","1995",28657.512716,
"USA","GDP","TOT","USD_CAP","A","1996",29932.157767,
"USA","GDP","TOT","USD_CAP","A","1997",31424.438925,
"USA","GDP","TOT","USD_CAP","A","1998",32817.981996,
"USA","GDP","TOT","USD_CAP","A","1999",34479.794364,
"USA","GDP","TOT","USD_CAP","A","2000",36299.662179,
"USA","GDP","TOT","USD_CAP","A","2001",37100.285739,
"USA","GDP","TOT","USD_CAP","A","2002",37954.222014,
"USA","GDP","TOT","USD_CAP","A","2003",39419.907372,
"USA","GDP","TOT","USD_CAP","A","2004",41659.662691,
"USA","GDP","TOT","USD_CAP","A","2005",44052.382996,
"USA","GDP","TOT","USD_CAP","A","2006",46234.10571,
"USA","GDP","TOT","USD_CAP","A","2007",47976.201209,
"USA","GDP","TOT","USD_CAP","A","2008",48498.445211,
"USA","GDP","TOT","USD_CAP","A","2009",47122.988543,
"USA","GDP","TOT","USD_CAP","A","2010",48580.481254,
"USA","GDP","TOT","USD_CAP","A","2011",49997.535335,
"USA","GDP","TOT","USD_CAP","A","2012",51729.310147,
"USA","GDP","TOT","USD_CAP","A","2013",53241.104196,
"USA","GDP","TOT","USD_CAP","A","2014",55081.542599,
"USA","GDP","TOT","USD_CAP","A","2015",56731.074605,
"USA","GDP","TOT","USD_CAP","A","2016",57846.274282,
"USA","GDP","TOT","USD_CAP","A","2017",59896.756042,
"USA","GDP","TOT","USD_CAP","A","2018",62783.978541,
"USA","GDP","TOT","USD_CAP","A","2019",65055.785369,
"USA","GDP","TOT","USD_CAP","A","2020",63285.232257,
"USA","GDP","TOT","USD_CAP","A","2021",69558.470785,"E"
"CHL","GDP","TOT","USD_CAP","A","1986",3395.882975,"E"
"CHL","GDP","TOT","USD_CAP","A","1987",3645.59978,"E"
"CHL","GDP","TOT","USD_CAP","A","1988",3981.729551,"E"
"CHL","GDP","TOT","USD_CAP","A","1989",4498.804431,"E"
"CHL","GDP","TOT","USD_CAP","A","1990",4760.707107,"E"
"CHL","GDP","TOT","USD_CAP","A","1991",5217.660412,"E"
"CHL","GDP","TOT","USD_CAP","A","1992",5885.141723,"E"
"CHL","GDP","TOT","USD_CAP","A","1993",6332.81688,"E"
"CHL","GDP","TOT","USD_CAP","A","1994",6719.736833,"E"
"CHL","GDP","TOT","USD_CAP","A","1995",7461.518633,"E"
"CHL","GDP","TOT","USD_CAP","A","1996",8049.274751,
"CHL","GDP","TOT","USD_CAP","A","1997",8696.755459,
"CHL","GDP","TOT","USD_CAP","A","1998",9016.215746,
"CHL","GDP","TOT","USD_CAP","A","1999",8989.852379,
"CHL","GDP","TOT","USD_CAP","A","2000",9551.212638,
"CHL","GDP","TOT","USD_CAP","A","2001",10001.845807,
"CHL","GDP","TOT","USD_CAP","A","2002",10362.119059,
"CHL","GDP","TOT","USD_CAP","A","2003",10915.69874,
"CHL","GDP","TOT","USD_CAP","A","2004",11739.590457,
"CHL","GDP","TOT","USD_CAP","A","2005",12600.905846,
"CHL","GDP","TOT","USD_CAP","A","2006",15589.156847,
"CHL","GDP","TOT","USD_CAP","A","2007",16771.182895,
"CHL","GDP","TOT","USD_CAP","A","2008",16449.614039,
"CHL","GDP","TOT","USD_CAP","A","2009",16028.549998,
"CHL","GDP","TOT","USD_CAP","A","2010",18041.314821,
"CHL","GDP","TOT","USD_CAP","A","2011",20235.570595,
"CHL","GDP","TOT","USD_CAP","A","2012",21458.811663,
"CHL","GDP","TOT","USD_CAP","A","2013",22295.739695,
"CHL","GDP","TOT","USD_CAP","A","2014",22650.712392,
"CHL","GDP","TOT","USD_CAP","A","2015",22563.581773,
"CHL","GDP","TOT","USD_CAP","A","2016",23384.612666,
"CHL","GDP","TOT","USD_CAP","A","2017",24479.458712,
"CHL","GDP","TOT","USD_CAP","A","2018",25496.431399,
"CHL","GDP","TOT","USD_CAP","A","2019",25117.049751,
"CHL","GDP","TOT","USD_CAP","A","2020",24647.935219,
"CHL","GDP","TOT","USD_CAP","A","2021",28414.848629,
"COL","GDP","TOT","USD_CAP","A","1985",2946.479628,"E"
"COL","GDP","TOT","USD_CAP","A","1986",3114.74057,"E"
"COL","GDP","TOT","USD_CAP","A","1987",3301.632913,"E"
"COL","GDP","TOT","USD_CAP","A","1988",3499.371851,"E"
"COL","GDP","TOT","USD_CAP","A","1989",3689.148781,"E"
"COL","GDP","TOT","USD_CAP","A","1990",4994.610583,"E"
"COL","GDP","TOT","USD_CAP","A","1991",5200.78712,"E"
"COL","GDP","TOT","USD_CAP","A","1992",5441.441062,"E"
"COL","GDP","TOT","USD_CAP","A","1993",5777.756783,"E"
"COL","GDP","TOT","USD_CAP","A","1994",6122.683411,"E"
"COL","GDP","TOT","USD_CAP","A","1995",6475.32925,"E"
"COL","GDP","TOT","USD_CAP","A","1996",6593.758186,"E"
"COL","GDP","TOT","USD_CAP","A","1997",6820.034253,"E"
"COL","GDP","TOT","USD_CAP","A","1998",6841.299649,"E"
"COL","GDP","TOT","USD_CAP","A","1999",6489.336268,"E"
"COL","GDP","TOT","USD_CAP","A","2000",6709.482677,"E"
"COL","GDP","TOT","USD_CAP","A","2001",6883.218978,"E"
"COL","GDP","TOT","USD_CAP","A","2002",7077.150872,"E"
"COL","GDP","TOT","USD_CAP","A","2003",7398.391242,"E"
"COL","GDP","TOT","USD_CAP","A","2004",7905.061738,"E"
"COL","GDP","TOT","USD_CAP","A","2005",8431.955633,
"COL","GDP","TOT","USD_CAP","A","2006",9160.70697,
"COL","GDP","TOT","USD_CAP","A","2007",9922.22572,
"COL","GDP","TOT","USD_CAP","A","2008",10324.87588,
"COL","GDP","TOT","USD_CAP","A","2009",10399.468562,
"COL","GDP","TOT","USD_CAP","A","2010",10866.058552,
"COL","GDP","TOT","USD_CAP","A","2011",11726.775903,
"COL","GDP","TOT","USD_CAP","A","2012",12115.059684,
"COL","GDP","TOT","USD_CAP","A","2013",12799.508325,
"COL","GDP","TOT","USD_CAP","A","2014",13365.993539,
"COL","GDP","TOT","USD_CAP","A","2015",13330.562044,
"COL","GDP","TOT","USD_CAP","A","2016",14054.69606,
"COL","GDP","TOT","USD_CAP","A","2017",14479.812544,
"COL","GDP","TOT","USD_CAP","A","2018",15439.041412,
"COL","GDP","TOT","USD_CAP","A","2019",16130.847299,
"COL","GDP","TOT","USD_CAP","A","2020",15306.341722,"P"
"COL","GDP","TOT","USD_CAP","A","2021",17341.848136,"E"
"EST","GDP","TOT","USD_CAP","A","1993",5742.493872,"E"
"EST","GDP","TOT","USD_CAP","A","1994",5902.757516,"E"
"EST","GDP","TOT","USD_CAP","A","1995",6425.051244,
"EST","GDP","TOT","USD_CAP","A","1996",6843.366619,
"EST","GDP","TOT","USD_CAP","A","1997",7942.694963,
"EST","GDP","TOT","USD_CAP","A","1998",8408.459543,
"EST","GDP","TOT","USD_CAP","A","1999",8479.421302,
"EST","GDP","TOT","USD_CAP","A","2000",9392.284689,
"EST","GDP","TOT","USD_CAP","A","2001",10280.30664,
"EST","GDP","TOT","USD_CAP","A","2002",11628.295949,
"EST","GDP","TOT","USD_CAP","A","2003",13089.785312,
"EST","GDP","TOT","USD_CAP","A","2004",14496.447163,
"EST","GDP","TOT","USD_CAP","A","2005",16584.411085,
"EST","GDP","TOT","USD_CAP","A","2006",19289.599916,
"EST","GDP","TOT","USD_CAP","A","2007",22158.515385,
"EST","GDP","TOT","USD_CAP","A","2008",22780.0071,
"EST","GDP","TOT","USD_CAP","A","2009",20459.70237,
"EST","GDP","TOT","USD_CAP","A","2010",21589.87597,
"EST","GDP","TOT","USD_CAP","A","2011",24515.48857,
"EST","GDP","TOT","USD_CAP","A","2012",25946.944889,
"EST","GDP","TOT","USD_CAP","A","2013",27418.689637,
"EST","GDP","TOT","USD_CAP","A","2014",28917.833656,
"EST","GDP","TOT","USD_CAP","A","2015",29222.748082,
"EST","GDP","TOT","USD_CAP","A","2016",31310.152103,
"EST","GDP","TOT","USD_CAP","A","2017",33867.803542,
"EST","GDP","TOT","USD_CAP","A","2018",36327.527923,
"EST","GDP","TOT","USD_CAP","A","2019",37909.467474,
"EST","GDP","TOT","USD_CAP","A","2020",37659.452305,
"EST","GDP","TOT","USD_CAP","A","2021",42185.012177,
"ISR","GDP","TOT","USD_CAP","A","1995",19755.974207,
"ISR","GDP","TOT","USD_CAP","A","1996",20794.916356,
"ISR","GDP","TOT","USD_CAP","A","1997",21432.110328,
"ISR","GDP","TOT","USD_CAP","A","1998",22037.391453,
"ISR","GDP","TOT","USD_CAP","A","1999",22551.749787,
"ISR","GDP","TOT","USD_CAP","A","2000",24892.628215,
"ISR","GDP","TOT","USD_CAP","A","2001",24876.123711,
"ISR","GDP","TOT","USD_CAP","A","2002",25150.071068,
"ISR","GDP","TOT","USD_CAP","A","2003",23759.338271,
"ISR","GDP","TOT","USD_CAP","A","2004",25137.052883,
"ISR","GDP","TOT","USD_CAP","A","2005",24742.795915,
"ISR","GDP","TOT","USD_CAP","A","2006",25575.21224,
"ISR","GDP","TOT","USD_CAP","A","2007",27366.698491,
"ISR","GDP","TOT","USD_CAP","A","2008",27351.81872,
"ISR","GDP","TOT","USD_CAP","A","2009",27474.880236,
"ISR","GDP","TOT","USD_CAP","A","2010",28850.555305,
"ISR","GDP","TOT","USD_CAP","A","2011",30647.094772,
"ISR","GDP","TOT","USD_CAP","A","2012",31859.55362,
"ISR","GDP","TOT","USD_CAP","A","2013",34339.179297,
"ISR","GDP","TOT","USD_CAP","A","2014",34381.468362,
"ISR","GDP","TOT","USD_CAP","A","2015",35482.650947,
"ISR","GDP","TOT","USD_CAP","A","2016",37854.845318,
"ISR","GDP","TOT","USD_CAP","A","2017",39137.375997,
"ISR","GDP","TOT","USD_CAP","A","2018",39914.217473,
"ISR","GDP","TOT","USD_CAP","A","2019",40020.387326,
"ISR","GDP","TOT","USD_CAP","A","2020",39492.618348,
"ISR","GDP","TOT","USD_CAP","A","2021",43712.289525,"E"
"SVN","GDP","TOT","USD_CAP","A","1995",13628.58473,
"SVN","GDP","TOT","USD_CAP","A","1996",14295.543648,
"SVN","GDP","TOT","USD_CAP","A","1997",15279.939573,
"SVN","GDP","TOT","USD_CAP","A","1998",16050.189412,
"SVN","GDP","TOT","USD_CAP","A","1999",17077.485063,
"SVN","GDP","TOT","USD_CAP","A","2000",17996.968428,
"SVN","GDP","TOT","USD_CAP","A","2001",18949.227486,
"SVN","GDP","TOT","USD_CAP","A","2002",20236.432071,
"SVN","GDP","TOT","USD_CAP","A","2003",21106.609472,
"SVN","GDP","TOT","USD_CAP","A","2004",22757.993512,
"SVN","GDP","TOT","USD_CAP","A","2005",23848.602419,
"SVN","GDP","TOT","USD_CAP","A","2006",25707.877384,
"SVN","GDP","TOT","USD_CAP","A","2007",27559.986593,
"SVN","GDP","TOT","USD_CAP","A","2008",29594.665839,"B"
"SVN","GDP","TOT","USD_CAP","A","2009",27510.882999,
"SVN","GDP","TOT","USD_CAP","A","2010",27823.655096,
"SVN","GDP","TOT","USD_CAP","A","2011",28931.423641,
"SVN","GDP","TOT","USD_CAP","A","2012",29048.325999,
"SVN","GDP","TOT","USD_CAP","A","2013",29979.618841,
"SVN","GDP","TOT","USD_CAP","A","2014",30872.72888,
"SVN","GDP","TOT","USD_CAP","A","2015",31631.838376,
"SVN","GDP","TOT","USD_CAP","A","2016",33942.76789,
"SVN","GDP","TOT","USD_CAP","A","2017",36517.579273,
"SVN","GDP","TOT","USD_CAP","A","2018",38998.007761,
"SVN","GDP","TOT","USD_CAP","A","2019",40658.631737,
"SVN","GDP","TOT","USD_CAP","A","2020",39718.051823,
"SVN","GDP","TOT","USD_CAP","A","2021",43605.726721,
"OECD","GDP","TOT","USD_CAP","A","1970",3511.749214,"E"
"OECD","GDP","TOT","USD_CAP","A","1971",3782.196178,"E"
"OECD","GDP","TOT","USD_CAP","A","1972",4115.794515,"E"
"OECD","GDP","TOT","USD_CAP","A","1973",4556.943101,"E"
"OECD","GDP","TOT","USD_CAP","A","1974",4968.506606,"E"
"OECD","GDP","TOT","USD_CAP","A","1975",5397.11272,"E"
"OECD","GDP","TOT","USD_CAP","A","1976",5916.680919,"E"
"OECD","GDP","TOT","USD_CAP","A","1977",6453.81469,"E"
"OECD","GDP","TOT","USD_CAP","A","1978",7150.449698,"E"
"OECD","GDP","TOT","USD_CAP","A","1979",7970.005906,"E"
"OECD","GDP","TOT","USD_CAP","A","1980",8715.447442,"E"
"OECD","GDP","TOT","USD_CAP","A","1981",9671.64003,"E"
"OECD","GDP","TOT","USD_CAP","A","1982",10196.412609,"E"
"OECD","GDP","TOT","USD_CAP","A","1983",10824.913854,"E"
"OECD","GDP","TOT","USD_CAP","A","1984",11657.047475,"E"
"OECD","GDP","TOT","USD_CAP","A","1985",12379.030686,"E"
"OECD","GDP","TOT","USD_CAP","A","1986",12905.276967,"E"
"OECD","GDP","TOT","USD_CAP","A","1987",13611.920738,"E"
"OECD","GDP","TOT","USD_CAP","A","1988",14618.249356,"E"
"OECD","GDP","TOT","USD_CAP","A","1989",15634.370567,"E"
"OECD","GDP","TOT","USD_CAP","A","1990",16566.703336,"E"
"OECD","GDP","TOT","USD_CAP","A","1991",17227.719953,"E"
"OECD","GDP","TOT","USD_CAP","A","1992",17864.024334,"E"
"OECD","GDP","TOT","USD_CAP","A","1993",18395.54435,"E"
"OECD","GDP","TOT","USD_CAP","A","1994",19161.763637,"E"
"OECD","GDP","TOT","USD_CAP","A","1995",19911.812359,"E"
"OECD","GDP","TOT","USD_CAP","A","1996",20793.589811,"E"
"OECD","GDP","TOT","USD_CAP","A","1997",21743.5919,"E"
"OECD","GDP","TOT","USD_CAP","A","1998",22332.37832,"E"
"OECD","GDP","TOT","USD_CAP","A","1999",23208.428856,"E"
"OECD","GDP","TOT","USD_CAP","A","2000",24635.022853,"E"
"OECD","GDP","TOT","USD_CAP","A","2001",25413.762478,"E"
"OECD","GDP","TOT","USD_CAP","A","2002",26205.96799,"E"
"OECD","GDP","TOT","USD_CAP","A","2003",26996.365697,"E"
"OECD","GDP","TOT","USD_CAP","A","2004",28438.485846,"E"
"OECD","GDP","TOT","USD_CAP","A","2005",29787.698134,
"OECD","GDP","TOT","USD_CAP","A","2006",31783.114368,
"OECD","GDP","TOT","USD_CAP","A","2007",33331.226303,
"OECD","GDP","TOT","USD_CAP","A","2008",34192.780535,"B"
"OECD","GDP","TOT","USD_CAP","A","2009",33234.979831,
"OECD","GDP","TOT","USD_CAP","A","2010",34539.317734,"B"
"OECD","GDP","TOT","USD_CAP","A","2011",35919.974321,
"OECD","GDP","TOT","USD_CAP","A","2012",36881.227871,
"OECD","GDP","TOT","USD_CAP","A","2013",38230.073884,
"OECD","GDP","TOT","USD_CAP","A","2014",39343.816978,
"OECD","GDP","TOT","USD_CAP","A","2015",40470.167141,
"OECD","GDP","TOT","USD_CAP","A","2016",41889.24629,
"OECD","GDP","TOT","USD_CAP","A","2017",43490.097057,
"OECD","GDP","TOT","USD_CAP","A","2018",45186.719558,"P"
"OECD","GDP","TOT","USD_CAP","A","2019",46107.516612,"P"
"OECD","GDP","TOT","USD_CAP","A","2020",45032.845201,"E"
"OECD","GDP","TOT","USD_CAP","A","2021",48753.879387,"E"
"LVA","GDP","TOT","USD_CAP","A","1995",5514.66412,
"LVA","GDP","TOT","USD_CAP","A","1996",5807.335403,
"LVA","GDP","TOT","USD_CAP","A","1997",6487.473291,
"LVA","GDP","TOT","USD_CAP","A","1998",7068.188146,
"LVA","GDP","TOT","USD_CAP","A","1999",7405.798042,
"LVA","GDP","TOT","USD_CAP","A","2000",8039.300106,
"LVA","GDP","TOT","USD_CAP","A","2001",9042.502938,
"LVA","GDP","TOT","USD_CAP","A","2002",10080.309806,
"LVA","GDP","TOT","USD_CAP","A","2003",11060.312032,
"LVA","GDP","TOT","USD_CAP","A","2004",12279.253426,
"LVA","GDP","TOT","USD_CAP","A","2005",13914.102605,
"LVA","GDP","TOT","USD_CAP","A","2006",15857.134739,
"LVA","GDP","TOT","USD_CAP","A","2007",18230.797977,
"LVA","GDP","TOT","USD_CAP","A","2008",19569.535748,
"LVA","GDP","TOT","USD_CAP","A","2009",17021.221711,
"LVA","GDP","TOT","USD_CAP","A","2010",17709.155456,
"LVA","GDP","TOT","USD_CAP","A","2011",19256.68991,
"LVA","GDP","TOT","USD_CAP","A","2012",21297.472621,
"LVA","GDP","TOT","USD_CAP","A","2013",22637.197448,
"LVA","GDP","TOT","USD_CAP","A","2014",23810.218371,
"LVA","GDP","TOT","USD_CAP","A","2015",24975.479748,
"LVA","GDP","TOT","USD_CAP","A","2016",26724.459825,
"LVA","GDP","TOT","USD_CAP","A","2017",28689.57466,
"LVA","GDP","TOT","USD_CAP","A","2018",30891.884185,
"LVA","GDP","TOT","USD_CAP","A","2019",31893.84669,
"LVA","GDP","TOT","USD_CAP","A","2020",31418.030799,
"LVA","GDP","TOT","USD_CAP","A","2021",34471.31179,
"LTU","GDP","TOT","USD_CAP","A","1995",5927.331113,
"LTU","GDP","TOT","USD_CAP","A","1996",6383.823368,
"LTU","GDP","TOT","USD_CAP","A","1997",7069.434929,
"LTU","GDP","TOT","USD_CAP","A","1998",7762.605202,
"LTU","GDP","TOT","USD_CAP","A","1999",7820.79589,
"LTU","GDP","TOT","USD_CAP","A","2000",8445.984466,
"LTU","GDP","TOT","USD_CAP","A","2001",9436.062221,
"LTU","GDP","TOT","USD_CAP","A","2002",10480.719387,
"LTU","GDP","TOT","USD_CAP","A","2003",12067.673335,
"LTU","GDP","TOT","USD_CAP","A","2004",13030.375067,
"LTU","GDP","TOT","USD_CAP","A","2005",14510.653684,
"LTU","GDP","TOT","USD_CAP","A","2006",16483.836839,
"LTU","GDP","TOT","USD_CAP","A","2007",19094.621906,
"LTU","GDP","TOT","USD_CAP","A","2008",20721.033864,
"LTU","GDP","TOT","USD_CAP","A","2009",18116.711605,
"LTU","GDP","TOT","USD_CAP","A","2010",20096.756354,
"LTU","GDP","TOT","USD_CAP","A","2011",22884.804355,
"LTU","GDP","TOT","USD_CAP","A","2012",24703.697943,
"LTU","GDP","TOT","USD_CAP","A","2013",26721.601926,
"LTU","GDP","TOT","USD_CAP","A","2014",28184.499091,
"LTU","GDP","TOT","USD_CAP","A","2015",28834.457574,
"LTU","GDP","TOT","USD_CAP","A","2016",30925.151813,
"LTU","GDP","TOT","USD_CAP","A","2017",33761.906595,
"LTU","GDP","TOT","USD_CAP","A","2018",36376.197676,
"LTU","GDP","TOT","USD_CAP","A","2019",38540.745344,
"LTU","GDP","TOT","USD_CAP","A","2020",38880.543234,
"LTU","GDP","TOT","USD_CAP","A","2021",42550.554521,
"CRI","GDP","TOT","USD_CAP","A","1991",5557.82789,
"CRI","GDP","TOT","USD_CAP","A","1992",6073.686378,
"CRI","GDP","TOT","USD_CAP","A","1993",6518.413515,
"CRI","GDP","TOT","USD_CAP","A","1994",6760.64364,
"CRI","GDP","TOT","USD_CAP","A","1995",6986.959286,
"CRI","GDP","TOT","USD_CAP","A","1996",7021.197198,
"CRI","GDP","TOT","USD_CAP","A","1997",7346.205543,
"CRI","GDP","TOT","USD_CAP","A","1998",7757.412262,
"CRI","GDP","TOT","USD_CAP","A","1999",7980.035267,
"CRI","GDP","TOT","USD_CAP","A","2000",8290.944819,
"CRI","GDP","TOT","USD_CAP","A","2001",8581.04504,
"CRI","GDP","TOT","USD_CAP","A","2002",8850.95266,
"CRI","GDP","TOT","USD_CAP","A","2003",9263.621127,
"CRI","GDP","TOT","USD_CAP","A","2004",9768.125917,
"CRI","GDP","TOT","USD_CAP","A","2005",10299.326434,
"CRI","GDP","TOT","USD_CAP","A","2006",11205.664332,
"CRI","GDP","TOT","USD_CAP","A","2007",12278.747842,
"CRI","GDP","TOT","USD_CAP","A","2008",12926.352146,
"CRI","GDP","TOT","USD_CAP","A","2009",12701.994593,
"CRI","GDP","TOT","USD_CAP","A","2010",13318.135538,
"CRI","GDP","TOT","USD_CAP","A","2011",14068.154868,
"CRI","GDP","TOT","USD_CAP","A","2012",14852.929898,
"CRI","GDP","TOT","USD_CAP","A","2013",15542.368395,
"CRI","GDP","TOT","USD_CAP","A","2014",16615.974075,
"CRI","GDP","TOT","USD_CAP","A","2015",17649.314854,
"CRI","GDP","TOT","USD_CAP","A","2016",19119.336147,
"CRI","GDP","TOT","USD_CAP","A","2017",20368.230268,
"CRI","GDP","TOT","USD_CAP","A","2018",21312.71338,
"CRI","GDP","TOT","USD_CAP","A","2019",22598.071946,
"CRI","GDP","TOT","USD_CAP","A","2020",22180.99204,"E"
"CRI","GDP","TOT","USD_CAP","A","2021",23287.453499,"E"
