indic_ed,unit,geo\time	2011 	2010 	2009 	2008 	2007 	2006 	2005 	2004 	2003 	2002 	2001 	2000 	1999 	1998 	1997 	1996 	1995 	1994 	1993 	1992 	1991 
FP01_1,PC,AL	: 	: 	: 	: 	: 	: 	: 	: 	: 	: d	: 	: 	: 	: 	: 	: 	: 	: 	: 	: 	: 
FP01_1,PC,AT	5.80 	5.91 	5.98 	5.47 	5.33 	5.40 	5.44 	5.48 	5.53 	5.68 	5.74 	5.66 	5.86 	5.80 	5.84 	5.94 	6.04 	: 	: 	: 	: 
FP01_1,PC,BE	6.55 d	6.58 d	6.57 d	6.43 d	6.00 d	5.98 d	5.92 d	5.95 d	6.02 d	6.09 d	5.99 d	: u	: 	: 	: 	: 	: 	: 	: 	: 	: 
FP01_1,PC,BG	3.82 	4.10 	4.58 	4.44 	3.88 	4.04 	4.25 	4.40 	4.09 	3.94 	3.70 	3.88 	4.02 	4.28 	2.65 	2.60 	3.39 	4.2 	5.1 	5.3 	: 
FP01_1,PC,CH	5.28 	5.22 	5.36 	4.95 	4.88 	5.28 	5.52 	5.55 	5.72 	5.57 	5.25 	5.06 	: 	: 	: 	: 	: 	: 	: 	: 	: 
FP01_1,PC,CY	7.87 d	7.92 d	7.98 d	7.45 d	6.95 d	7.02 d	6.95 d	6.77 d	7.37 d	6.60 d	5.98 d	5.42 d	5.36 d	5.61 d	5.51 d	4.89 d	4.63 d	4.8 d	4.6 d	: 	: 
FP01_1,PC,CZ	4.51 	4.25 	4.36 	3.92 	4.05 	4.42 	4.08 	4.20 	4.32 	4.15 	3.93 	3.83 	3.97 	3.95 	4.46 	4.71 	: 	: 	: 	: 	: 
FP01_1,PC,DE	4.98 	5.08 	5.06 	4.57 	4.49 	4.43 	4.57 	4.62 	4.74 	4.72 	4.51 	4.45 	4.51 	: 	4.55 	: 	4.62 	: 	: 	: 	: 
FP01_1,PC,DK	8.75 d	8.81 d	8.74 d	7.68 d	7.81 d	7.97 d	8.30 d	8.43 	8.33 	8.44 d	8.44 d	8.28 d	8.11 d	8.30 d	7.92 d	8.08 d	7.67 d	: 	: 	: 	: 
FP01_1,PC,EE	5.16 	5.66 	6.03 	5.61 	4.72 d	4.70 	4.88 	4.92 	5.29 	5.47 	5.24 	5.57 d	6.74 d	5.71 d	5.92 d	6.05 d	5.88 d	5.5 d	5.9 d	: 	: 
FP01_1,PC,EL	: 	: 	: 	: 	: 	: 	4.09 	3.83 d	3.56 d	3.57 d	3.50 d	3.71 d	3.25 d	3.48 d	3.46 d	3.09 d	2.87 d	3.0 d	2.7 d	: 	: 
FP01_1,PC,ES	4.82 	4.98 	5.02 	4.62 	4.34 	4.26 	4.23 	4.25 	4.28 	4.25 	4.24 	4.28 	4.38 	4.42 	4.48 	4.62 	4.66 	4.7 	4.9 	4.8 	: 
FP01_1,PC,FI	6.76 	6.85 	6.81 	6.10 	5.90 	6.18 	6.30 	6.42 	6.43 	6.22 	6.06 	5.89 	6.08 	6.26 	6.51 	6.99 	6.85 	6.7 	6.9 	7.3 	7.2 
FP01_1,PC,FR	5.68 	5.86 	5.90 	5.62 	5.62 	5.61 	5.67 	5.80 	5.92 	5.90 	5.95 	6.04 	5.81 d	5.95 d	6.03 d	6.01 d	6.04 d	6.0 d	6.1 d	5.7 d	5.4 d
FP01_1,PC,HR	4.21 d	4.31 d	4.42 d	4.32 d	4.02 d	4.04 d	3.98 d	3.87 	3.93 d	3.71 d	: 	: 	: 	: 	: 	: 	: 	: 	: 	: 	: 
FP01_1,PC,HU	4.71 	4.90 	5.12 	5.10 	5.29 	5.44 	5.46 	5.44 	5.91 	5.39 	5.06 	4.50 	4.66 	4.59 	4.64 	4.51 	5.39 	6.1 	6.3 	6.5 	: 
FP01_1,PC,IE	6.15 	6.41 	6.43 	5.67 	4.92 	4.73 	4.72 	4.66 	4.35 	4.27 	4.24 	4.29 	3.34 	4.82 	5.11 	5.30 	5.07 	5.9 	5.9 	5.6 	5.4 
FP01_1,PC,IS	7.36 d	7.60 	7.81 d	7.56 d	7.36 d	7.55 d	7.59 d	7.47 d	7.70 d	6.79 d	6.24 d	5.93 d	5.78 d	5.89 d	5.53 d	5.43 d	4.87 d	: 	: 	: 	: 
FP01_1,PC,IT	4.29 	4.50 	4.70 	4.56 	4.27 	4.67 	4.41 	4.56 	4.72 	4.60 	4.83 	4.52 	4.47 	4.65 	4.46 	4.78 	4.85 	5.0 	5.4 	5.4 	5.4 
FP01_1,PC,LI	2.53 	2.68 	2.90 	2.05 	1.92 	2.05 	2.29 	2.43 	2.46 	2.96 	: 	: 	: 	: 	: 	: 	: 	: 	: 	: 	: 
FP01_1,PC,LT	5.17 	5.36 	5.64 	4.88 	4.64 	4.82 	4.88 	5.17 	5.14 	5.81 	5.86 	5.63 	6.37 	5.99 	5.45 	5.18 	5.12 	5.6 	4.6 	: 	: 
FP01_1,PC,LU	: 	: 	: 	: 	3.15 d	3.41 d	3.78 d	3.87 d	3.77 d	3.79 d	3.75 d	: 	: 	: 	4.13 d	4.03 d	4.26 d	: 	: 	: 	: 
FP01_1,PC,LV	4.96 	4.96 	5.59 	5.71 	5.07 	5.13 	5.14 	5.12 	5.58 	6.60 	7.22 	5.64 	5.77 	5.85 	5.43 	5.14 	6.19 	6.1 	6.1 	4.6 	: 
FP01_1,PC,MK	: 	: 	: 	: 	: 	: 	: 	: 	3.30 d	3.35 d	: 	: 	: 	: 	: 	: 	: 	: 	: 	: 	: 
FP01_1,PC,MT	7.96 	6.74 	5.32 	5.72 d	6.18 	6.45 	6.58 b	4.66 	4.48 	4.22 	4.27 	4.52 	4.43 	4.82 	: 	: 	: 	: 	: 	: 	: 
FP01_1,PC,NL	5.93 	5.98 	5.95 	5.50 	5.32 	5.50 	5.53 	5.50 	5.47 	5.22 	5.09 	4.98 	4.90 	4.82 	4.78 	5.03 	5.06 	5.1 	5.2 	5.4 	5.1 
FP01_1,PC,NO	6.66 	6.87 	7.24 	6.40 	6.66 	6.49 	6.97 	7.42 	7.55 	7.58 d	7.18 d	6.74 d	7.30 d	7.60 d	7.59 d	6.98 d	7.44 d	7.8 d	7.9 d	8.0 d	7.9 d
FP01_1,PC,PL	4.94 	5.17 d	5.09 d	5.08 d	4.91 d	5.25 d	5.47 d	5.41 d	5.35 d	5.41 d	5.42 d	4.87 d	4.79 d	5.02 d	4.77 d	4.67 d	5.10 d	: 	: 	: 	: 
FP01_1,PC,PT	5.27 d	5.62 d	5.79 d	4.89 d	5.10 d	5.07 d	5.21 d	5.10 d	5.38 d	5.33 d	5.39 d	5.42 d	5.43 d	5.36 d	5.36 d	5.32 d	5.37 d	: 	: 	: 	: 
FP01_1,PC,RO	3.07 	3.53 	4.24 	: u	4.25 	: u	3.48 	3.28 	3.45 	3.51 	3.25 	2.88 	3.37 	: 	: 	: 	: 	: 	: 	: 	: 
FP01_1,PC,SE	6.82 	6.98 	7.26 	6.76 	6.61 	6.75 	6.89 	7.09 	7.21 	7.36 	7.06 	7.16 	7.30 	7.69 	7.60 	7.36 	7.22 	7.1 	7.4 	7.8 	6.9 
FP01_1,PC,SI	5.68 	5.68 	5.69 	5.20 	5.15 	5.72 	5.73 	5.74 	5.80 	5.76 	5.86 	: 	: 	: 	: 	: 	: 	: 	: 	: 	: 
FP01_1,PC,SK	4.06 d	4.22 d	4.09 d	3.61 d	3.62 d	3.80 d	3.85 d	4.19 d	4.30 d	4.31 d	3.99 d	3.92 d	4.18 d	4.53 d	4.83 d	4.53 d	5.01 d	3.9 d	4.7 d	6.0 d	: 
FP01_1,PC,TR	4.07 	: 	: 	: 	: 	2.86 	: 	3.12 	2.96 d	2.82 d	2.71 d	3.48 d	2.96 d	3.26 d	2.94 d	2.59 d	2.40 d	2.9 d	3.7 d	3.7 d	3.3 d
FP01_1,PC,UK	5.98 d	6.15 d	5.56 d	5.28 d	5.29 d	5.38 d	5.31 d	5.12 d	5.21 d	5.06 d	4.58 d	4.64 d	4.47 d	4.77 d	4.97 d	5.10 d	5.02 d	5.4 d	5.4 d	5.3 d	5.2 d
FP02_1,PC,AL	: 	: 	: 	: 	: 	: 	: 	: 	: 	: d	: 	: 	: 	: 	: 	: 	: 	: 	: 	: 	: 
FP02_1,PC,AT	0.99 	1.01 	1.04 	0.98 	0.96 	1.00 	1.03 	1.04 	1.09 	1.12 	1.13 	: u	: 	: 	: 	: 	: 	: 	: 	: 	: 
FP02_1,PC,BE	1.53 d	1.55 d	1.50 d	1.53 d	1.41 d	1.41 d	1.40 d	1.41 d	1.45 d	1.36 d	1.35 d	: du	: du	: 	: 	: 	: 	: 	: 	: 	: 
FP02_1,PC,BG	0.71 	0.80 	0.85 	0.84 	0.77 	0.80 	0.86 	0.84 	0.78 	0.73 	0.72 	: u	: 	: 	: 	: 	: 	: 	: 	: 	: 
FP02_1,PC,CH	1.53 	1.46 	1.50 	1.38 	1.34 	1.41 	1.50 	1.57 	1.58 	1.55 	1.49 	1.44 	: 	: 	: 	: 	: 	: 	: 	: 	: 
FP02_1,PC,CY	2.27 d	2.26 d	2.21 d	2.07 d	1.96 d	1.95 d	1.90 d	1.86 d	2.06 d	1.81 d	1.73 d	: du	: du	: 	: 	: 	: 	: 	: 	: 	: 
FP02_1,PC,CZ	0.73 	0.69 	0.69 	0.58 	0.56 	0.60 	0.59 	0.64 	0.68 	0.67 	0.66 	: u	: 	: 	: 	: 	: 	: 	: 	: 	: 
FP02_1,PC,DE	0.66 	0.69 	0.69 	0.62 	0.63 	0.65 	0.66 	0.66 	0.67 	0.67 	0.68 	: u	: 	: 	: 	: 	: 	: 	: 	: 	: 
FP02_1,PC,DK	1.89 d	2.09 d	2.13 d	1.85 d	1.86 	1.89 	1.93 	1.93 	1.96 	1.90 	1.88 	: u	: 	: 	: 	: 	: 	: 	: 	: 	: 
FP02_1,PC,EE	1.26 	1.39 	1.51 	1.43 	1.10 d	1.17 	1.23 	1.27 	1.39 	1.53 	1.54 	: u	: 	: 	: 	: 	: 	: 	: 	: 	: 
FP02_1,PC,EL	: 	: 	: 	: 	: 	: 	1.16 d	1.06 d	1.01 d	0.98 d	0.93 d	: du	: du	: 	: 	: 	: 	: 	: 	: 	: 
FP02_1,PC,ES	1.23 	1.27 	1.27 	1.17 	1.10 	1.10 	1.09 	1.10 	1.10 	1.10 	1.11 	: u	: 	: 	: 	: 	: 	: 	: 	: 	: 
FP02_1,PC,FI	1.35 	1.36 	1.35 	1.24 	1.20 	1.28 	1.31 	1.37 	1.39 	1.34 	1.31 	: u	: 	: 	: 	: 	: 	: 	: 	: 	: 
FP02_1,PC,FR	1.18 	1.20 	1.19 	1.16 	1.18 	1.13 	1.15 	1.17 	1.19 	1.16 	1.20 	1.23 	1.17 d	: 	: 	: 	: 	: 	: 	: 	: 
FP02_1,PC,HR	1.75 d	1.88 d	1.86 d	1.85 d	1.81 d	1.71 d	1.84 d	1.79 	1.80 d	1.81 d	: 	: 	: 	: 	: 	: 	: 	: 	: 	: 	: 
FP02_1,PC,HU	0.76 	0.87 	0.86 	0.86 	1.01 	1.06 	1.10 	1.03 	1.00 	0.96 	0.96 	: u	: 	: 	: 	: 	: 	: 	: 	: 	: 
FP02_1,PC,IE	2.20 	2.26 d	2.30 d	2.04 d	1.73 	1.60 	1.59 	1.56 	1.49 	1.39 	1.35 	: u	: 	: 	: 	: 	: 	: 	: 	: 	: 
FP02_1,PC,IS	2.48 d	2.46 	2.55 d	2.52 d	2.52 d	2.61 d	2.66 d	2.60 d	2.69 d	2.65 	2.36 	2.23 	2.17 	: 	: 	: 	: 	: 	: 	: 	: 
FP02_1,PC,IT	1.06 	1.12 	1.18 	1.15 	1.07 	1.18 	1.08 	1.18 	1.21 	1.19 	1.16 	: u	: 	: 	: 	: 	: 	: 	: 	: 	: 
FP02_1,PC,LI	0.98 	1.19 	1.23 	0.64 	0.59 	0.64 	0.70 	0.71 	0.72 	0.69 	: 	: 	: 	: 	: 	: 	: 	: 	: 	: 	: 
FP02_1,PC,LT	0.79 	0.90 	0.73 	0.73 	0.67 	0.72 	0.73 	0.74 	0.76 	1.00 	: d	: d	: d	: 	: 	: 	: 	: 	: 	: 	: 
FP02_1,PC,LU	1.72 	1.72 	1.43 	1.21 	1.68 d	1.83 d	2.05 d	2.12 d	1.94 d	2.01 d	1.63 d	: 	: 	: 	: 	: 	: 	: 	: 	: 	: 
FP02_1,PC,LV	1.37 	1.41 	1.58 	1.52 	1.26 	1.30 	0.80 	0.83 	0.96 	1.24 	1.40 	: u	: 	: 	: 	: 	: 	: 	: 	: 	: 
FP02_1,PC,MK	: 	: 	: 	: 	: 	: 	: 	: 	2.02 d	2.00 d	: 	: 	: 	: 	: 	: 	: 	: 	: 	: 	: 
FP02_1,PC,MT	1.18 	1.46 	1.17 	1.32 d	1.35 	1.51 	1.35 b	0.98 	0.72 	1.06 	1.11 	: u	: 	: 	: 	: 	: 	: 	: 	: 	: 
FP02_1,PC,NL	1.41 	1.45 	1.47 	1.34 	1.31 	1.37 	1.42 	1.44 	1.48 	1.40 	1.31 	1.24 	1.22 	1.23 	1.16 	1.16 	1.17 	: 	: 	: 	: 
FP02_1,PC,NO	1.70 	1.83 	1.89 	1.61 	1.66 	1.66 	1.75 	1.87 	2.01 	1.93 	3.32 d	2.46 d	2.68 d	: 	: 	: 	: 	: 	: 	: 	: 
FP02_1,PC,PL	1.52 	1.60 	1.58 	1.58 	1.59 	1.71 	1.69 	1.70 	1.79 	1.82 	2.69 d	: du	: du	: 	: 	: 	: 	: 	: 	: 	: 
FP02_1,PC,PT	1.46 d	1.52 d	1.56 d	1.41 d	1.42 d	1.53 d	1.60 d	1.61 d	1.63 d	1.65 d	1.63 d	: du	: du	: 	: 	: 	: 	: 	: 	: 	: 
FP02_1,PC,RO	0.49 	0.58 	0.78 	: u	0.84 	: u	1.25 d	1.20 d	1.22 d	1.26 d	1.16 d	: du	: du	: 	: 	: 	: 	: 	: 	: 	: 
FP02_1,PC,SE	1.65 	1.70 	1.75 	1.66 	1.64 	1.68 	1.81 	1.91 	1.99 	2.06 	1.93 	: u	: 	: 	: 	: 	: 	: 	: 	: 	: 
FP02_1,PC,SI	1.60 	1.62 	2.49 d	2.35 d	2.33 d	2.55 d	2.62 d	2.63 d	2.56 d	2.50 d	2.40 d	: 	: 	: 	: 	: 	: 	: 	: 	: 	: 
FP02_1,PC,SK	0.77 d	0.87 d	0.75 d	0.65 d	0.67 	0.67 	0.66 	0.56 	0.64 	0.59 	0.59 	: u	: d	: 	: 	: 	: 	: 	: 	: 	: 
FP02_1,PC,TR	0.95 	1.71 	: 	: 	: 	1.33 	: 	1.55 d	1.37 d	1.29 d	1.32 d	1.27 d	1.55 d	: 	: 	: 	: 	: 	: 	: 	: 
FP02_1,PC,UK	1.84 d	1.85 d	1.73 d	1.67 d	1.62 d	1.58 d	1.40 d	1.34 d	1.33 d	1.20 d	1.14 d	: du	: du	: 	: 	: 	: 	: 	: 	: 	: 
FP02_2,PC,AL	: 	: 	: 	: 	: 	: 	: 	: 	: 	: d	: 	: 	: 	: 	: 	: 	: 	: 	: 	: 	: 
FP02_2,PC,AT	2.66 	2.65 	2.82 	2.55 	2.49 	2.54 	2.52 	2.61 	2.72 	2.64 	2.64 	: u	: 	: 	: 	: 	: 	: 	: 	: 	: 
FP02_2,PC,BE	2.80 d	2.80 d	2.85 d	2.78 d	2.58 d	2.55 d	2.55 d	2.56 d	2.56 d	2.71 d	2.60 d	: du	: du	: 	: 	: 	: 	: 	: 	: 	: 
FP02_2,PC,BG	1.59 	1.76 	1.87 	1.89 	1.73 	1.81 	1.95 	2.02 	1.83 	1.72 	1.55 	: u	: 	: 	: 	: 	: 	: 	: 	: 	: 
FP02_2,PC,CH	2.10 	2.16 	2.22 	2.06 	2.06 	2.17 	2.28 	2.25 	2.34 	2.34 	2.22 	2.17 	: 	: 	: 	: 	: 	: 	: 	: 	: 
FP02_2,PC,CY	3.09 d	3.14 d	3.30 d	3.16 d	3.04 d	3.08 d	3.12 d	3.08 d	3.38 d	3.05 d	2.78 d	: du	: du	: 	: 	: 	: 	: 	: 	: 	: 
FP02_2,PC,CZ	1.96 	1.98 	2.06 	1.92 	1.96 	2.13 	2.14 	2.17 	2.23 	2.14 	2.01 	: u	: 	: 	: 	: 	: 	: 	: 	: 	: 
FP02_2,PC,DE	2.37 	2.46 	2.48 	2.23 	2.25 	2.19 	2.29 	2.33 	2.41 	2.40 	2.31 	: u	: 	: 	: 	: 	: 	: 	: 	: 	: 
FP02_2,PC,DK	2.81 d	3.04 d	2.94 d	2.76 d	2.80 d	2.95 d	3.02 d	2.94 d	2.88 d	2.89 	2.87 	: u	: 	: 	: 	: 	: 	: 	: 	: 	: 
FP02_2,PC,EE	2.17 	2.57 d	2.68 d	2.51 	2.19 d	2.28 	2.33 	2.45 	2.55 	2.44 	2.33 	: u	: 	: 	: 	: 	: 	: 	: 	: 	: 
FP02_2,PC,EL	: 	: 	: 	: 	: 	: 	1.45 	1.34 d	1.33 d	1.26 d	1.25 d	: du	: du	: 	: 	: 	: 	: 	: 	: 	: 
FP02_2,PC,ES	1.79 	1.84 	1.88 	1.74 	1.66 	1.67 	1.67 	1.69 	1.72 	1.76 	1.77 	: u	: 	: 	: 	: 	: 	: 	: 	: 	: 
FP02_2,PC,FI	2.84 	2.91 	2.90 	2.61 	2.51 	2.61 	2.64 	2.63 	2.64 	2.52 	2.43 	: u	: 	: 	: 	: 	: 	: 	: 	: 	: 
FP02_2,PC,FR	2.54 	2.66 	2.69 	2.58 	2.56 	2.64 	2.68 	2.76 	2.84 	2.87 	2.88 	2.93 	2.91 d	: 	: 	: 	: 	: 	: 	: 	: 
FP02_2,PC,HR	0.86 d	0.98 d	1.06 d	0.92 d	0.86 d	0.90 d	0.91 d	0.89 	0.91 d	0.88 d	: 	: 	: 	: 	: 	: 	: 	: 	: 	: 	: 
FP02_2,PC,HU	1.96 	2.07 	2.22 	2.25 	2.33 	2.34 	2.36 	2.46 	2.71 	2.29 	2.15 	: u	: 	: 	: 	: 	: 	: 	: 	: 	: 
FP02_2,PC,IE	2.52 	2.62 	2.55 	2.31 	2.04 	1.99 	2.03 	2.00 	1.71 	1.63 	1.61 	: u	: 	: 	: 	: 	: 	: 	: 	: 	: 
FP02_2,PC,IS	2.34 d	2.37 	2.50 d	2.41 d	2.40 d	2.54 d	2.56 d	2.60 d	2.52 d	2.60 d	2.51 d	2.27 d	2.32 d	: 	: 	: 	: 	: 	: 	: 	: 
FP02_2,PC,IT	1.96 	2.08 	2.18 	2.08 	1.97 	2.23 	2.11 	2.16 	2.29 	2.17 	2.41 	: u	: 	: 	: 	: 	: 	: 	: 	: 	: 
FP02_2,PC,LI	1.24 	1.15 	1.30 	1.10 	0.92 	0.98 	1.09 	1.05 	1.06 	0.80 	: 	: 	: 	: 	: 	: 	: 	: 	: 	: 	: 
FP02_2,PC,LT	2.21 	2.51 	3.03 	2.59 	2.40 	2.51 	2.54 	2.71 	2.66 	2.63 	3.71 d	: du	: du	: 	: 	: 	: 	: 	: 	: 	: 
FP02_2,PC,LU	1.53 	1.71 	1.94 d	1.83 d	1.46 d	1.58 d	1.73 d	1.75 d	1.82 d	1.78 d	1.62 d	: 	: 	: 	: 	: 	: 	: 	: 	: 	: 
FP02_2,PC,LV	1.75 	1.93 	2.27 	2.35 	2.14 	2.24 	2.80 	2.93 	3.13 	3.62 	3.80 	: u	: 	: 	: 	: 	: 	: 	: 	: 	: 
FP02_2,PC,MK	: 	: 	: 	: 	: 	: 	: 	: 	0.79 d	0.80 d	: 	: 	: 	: 	: 	: 	: 	: 	: 	: 	: 
FP02_2,PC,MT	5.25 	3.25 	2.61 	3.02 d	2.75 	2.95 	2.84 b	1.86 	1.51 	2.01 	2.03 	: u	: 	: 	: 	: 	: 	: 	: 	: 	: 
FP02_2,PC,NL	2.39 	2.44 	2.43 	2.24 	2.16 	2.20 	2.19 	2.17 	2.11 	2.06 	2.04 	2.01 	1.94 	1.95 	1.86 	1.98 	1.99 	: 	: 	: 	: 
FP02_2,PC,NO	2.28 	2.43 	2.54 	2.23 	2.33 	2.28 	2.33 	2.61 	2.72 	2.51 	1.42 d	1.36 d	1.53 d	: 	: 	: 	: 	: 	: 	: 	: 
FP02_2,PC,PL	1.76 	1.87 	1.92 	1.89 	1.89 	2.05 	2.04 	2.01 	2.06 	2.10 	1.23 d	: du	: du	: 	: 	: 	: 	: 	: 	: 	: 
FP02_2,PC,PT	2.30 d	2.48 d	2.60 d	2.06 d	2.02 d	2.05 d	2.13 d	2.12 d	2.20 d	2.25 d	2.29 d	: du	: du	: 	: 	: 	: 	: 	: 	: 	: 
FP02_2,PC,RO	1.07 	1.28 	1.53 	: u	1.52 	: u	0.77 d	0.73 d	0.71 d	0.76 d	0.87 d	: du	: du	: 	: 	: 	: 	: 	: 	: 	: 
FP02_2,PC,SE	2.47 	2.55 	2.75 	2.60 	2.58 	2.64 	2.65 	2.66 	2.66 	2.71 	2.69 	: u	: 	: 	: 	: 	: 	: 	: 	: 	: 
FP02_2,PC,SI	2.07 	2.11 	1.25 d	1.15 d	1.16 d	1.42 d	1.38 d	1.34 d	1.41 d	1.41 d	1.61 d	: 	: 	: 	: 	: 	: 	: 	: 	: 	: 
FP02_2,PC,SK	1.81 d	1.98 d	1.93 d	1.65 d	1.69 d	1.76 d	1.88 d	2.11 d	2.17 d	2.29 d	2.05 d	: du	: du	: 	: 	: 	: 	: 	: 	: 	: 
FP02_2,PC,TR	1.41 	0.82 	: 	: 	: 	0.62 	: 	0.68 d	0.63 d	0.58 d	0.52 d	0.52 d	0.58 d	: 	: 	: 	: 	: 	: 	: 	: 
FP02_2,PC,UK	2.49 d	2.97 d	2.73 d	2.49 d	2.40 d	2.33 d	2.41 d	2.45 d	2.51 d	2.39 d	2.21 d	: du	: du	: 	: 	: 	: 	: 	: 	: 	: 
FP02_3,PC,AL	: 	: 	: 	: 	: 	: 	: 	: 	: 	: d	: 	: 	: 	: 	: 	: 	: 	: 	: 	: 	: 
FP02_3,PC,AT	1.56 	1.64 	1.57 	1.49 	1.48 	1.47 	1.48 	1.43 	1.30 	1.28 	1.36 	: u	: 	: 	: 	: 	: 	: 	: 	: 	: 
FP02_3,PC,BE	1.44 d	1.46 d	1.47 d	1.37 d	1.30 d	1.32 d	1.28 d	1.29 d	1.31 d	1.32 d	1.34 d	: du	: du	: 	: 	: 	: 	: 	: 	: 	: 
FP02_3,PC,BG	0.65 	0.61 	0.95 	0.86 	0.64 	0.70 	0.72 	0.78 	0.81 	0.81 	0.81 	: u	: 	: 	: 	: 	: 	: 	: 	: 	: 
FP02_3,PC,CH	1.37 	1.32 	1.35 	1.22 	1.14 	1.39 	1.41 	1.42 	1.47 	1.37 	1.24 	1.15 	: 	: 	: 	: 	: 	: 	: 	: 	: 
FP02_3,PC,CY	2.11 d	2.12 d	2.06 d	1.86 d	1.62 d	1.65 d	1.59 d	1.49 d	1.57 d	1.39 d	1.15 d	: du	: du	: 	: 	: 	: 	: 	: 	: 	: 
FP02_3,PC,CZ	1.16 	0.96 	1.01 	0.93 	1.03 	1.18 	0.86 	0.90 	0.90 	0.83 	0.76 	: u	: 	: 	: 	: 	: 	: 	: 	: 	: 
FP02_3,PC,DE	1.40 	1.38 	1.34 	1.22 	1.14 	1.11 	1.15 	1.17 	1.20 	1.16 	1.10 	: u	: 	: 	: 	: 	: 	: 	: 	: 	: 
FP02_3,PC,DK	2.44 d	2.41 d	2.42 d	2.17 d	2.28 d	2.26 d	2.38 d	2.51 d	2.50 d	2.70 d	2.71 d	: du	: du	: 	: 	: 	: 	: 	: 	: 	: 
FP02_3,PC,EE	1.29 	1.23 	1.33 	1.12 	1.04 	0.90 	0.92 	0.86 	1.02 	1.08 	1.03 	: u	: 	: 	: 	: 	: 	: 	: 	: 	: 
FP02_3,PC,EL	: 	: 	: 	: 	: 	: 	1.48 d	1.33 d	1.10 d	1.16 d	1.07 d	: du	: du	: 	: 	: 	: 	: 	: 	: 	: 
FP02_3,PC,ES	1.13 	1.17 	1.15 d	1.07 d	0.99 d	0.95 d	0.95 d	0.97 d	0.99 d	0.97 	0.97 	: u	: 	: 	: 	: 	: 	: 	: 	: 	: 
FP02_3,PC,FI	2.17 	2.18 	2.16 	1.89 	1.85 	1.96 	2.00 	2.07 	2.06 	2.02 	2.00 	: u	: 	: 	: 	: 	: 	: 	: 	: 	: 
FP02_3,PC,FR	1.29 	1.33 	1.34 	1.25 	1.23 	1.20 	1.20 	1.21 	1.23 	1.22 	1.21 	1.22 	1.02 d	: 	: 	: 	: 	: 	: 	: 	: 
FP02_3,PC,HR	0.93 d	0.79 d	0.83 d	0.95 d	0.80 d	0.86 d	0.75 d	0.70 	0.73 d	0.59 d	: 	: 	: 	: 	: 	: 	: 	: 	: 	: 	: 
FP02_3,PC,HU	1.10 	0.98 	1.13 	1.02 	1.04 	1.04 	1.03 	1.02 	1.22 	1.23 	1.09 	: u	: 	: 	: 	: 	: 	: 	: 	: 	: 
FP02_3,PC,IE	1.34 	1.42 d	1.53 d	1.32 d	1.15 d	1.13 d	1.10 d	1.09 d	1.08 d	1.18 	1.21 	: u	: 	: 	: 	: 	: 	: 	: 	: 	: 
FP02_3,PC,IS	1.43 d	1.63 	1.59 d	1.49 d	1.39 d	1.36 d	1.45 d	1.39 d	1.33 d	1.25 d	1.07 d	1.04 d	1.04 d	: 	: 	: 	: 	: 	: 	: 	: 
FP02_3,PC,IT	0.83 	0.84 	0.86 	0.84 	0.75 	0.77 	0.76 	0.77 	0.78 	0.85 	0.79 	: u	: 	: 	: 	: 	: 	: 	: 	: 	: 
FP02_3,PC,LI	: 	: 	: 	: 	0.17 	0.19 	0.20 	0.34 	0.32 	0.35 	: 	: 	: 	: 	: 	: 	: 	: 	: 	: 	: 
FP02_3,PC,LT	1.47 	1.26 	1.14 	1.03 	1.01 	0.99 	1.02 	1.06 	0.99 	1.39 	1.33 	: u	: 	: 	: 	: 	: 	: 	: 	: 	: 
FP02_3,PC,LV	1.01 	0.79 	0.78 	0.99 	0.94 	0.92 	0.89 	0.69 	0.77 	0.98 	1.14 	: u	: 	: 	: 	: 	: 	: 	: 	: 	: 
FP02_3,PC,MK	: 	: 	: 	: 	: 	: 	: 	: 	0.50 d	0.55 d	: 	: 	: 	: 	: 	: 	: 	: 	: 	: 	: 
FP02_3,PC,MT	1.11 	1.54 	1.16 d	1.01 d	0.93 	0.97 	1.03 b	0.51 	0.78 	0.87 	0.84 	: u	: 	: 	: 	: 	: 	: 	: 	: 	: 
FP02_3,PC,NL	1.72 	1.68 	1.63 	1.53 	1.46 	1.52 	1.49 	1.47 	1.45 	1.36 	1.36 	1.39 	1.40 	1.42 	1.46 	1.55 	1.67 	: 	: 	: 	: 
FP02_3,PC,NO	2.12 	2.04 	2.20 	2.05 	2.13 	2.05 	2.26 	2.38 	2.29 	2.08 	1.84 	1.67 	1.93 	: 	: 	: 	: 	: 	: 	: 	: 
FP02_3,PC,PL	1.13 	1.18 	1.07 	1.04 	0.93 	0.96 	1.19 	1.15 	1.02 	1.05 	1.04 	: u	: 	: 	: 	: 	: 	: 	: 	: 	: 
FP02_3,PC,PT	1.04 d	1.13 d	1.07 d	0.95 d	1.16 d	0.97 d	0.95 d	0.80 d	0.97 d	0.92 d	0.99 d	: du	: du	: 	: 	: 	: 	: 	: 	: 	: 
FP02_3,PC,RO	0.85 	1.00 	1.20 	: u	1.12 	: u	0.81 d	0.70 d	0.68 d	0.70 	0.78 	: u	: 	: 	: 	: 	: 	: 	: 	: 	: 
FP02_3,PC,SE	1.98 	2.03 	2.04 	1.82 	1.79 	1.81 	1.89 	2.02 	2.08 	2.09 	1.98 	: u	: 	: 	: 	: 	: 	: 	: 	: 	: 
FP02_3,PC,SI	1.37 	1.37 	1.38 	1.21 	1.21 	1.23 	1.25 	1.30 	1.29 	1.27 	1.28 	: 	: 	: 	: 	: 	: 	: 	: 	: 	: 
FP02_3,PC,SK	0.95 d	0.83 d	0.81 d	0.78 d	0.79 d	0.90 d	0.81 d	0.98 d	0.85 d	0.87 d	0.82 d	: du	: du	: 	: 	: 	: 	: 	: 	: 	: 
FP02_3,PC,TR	1.54 	: 	: 	: 	: 	0.91 	: 	0.87 d	0.96 d	0.95 d	0.87 d	0.80 d	0.83 d	: 	: 	: 	: 	: 	: 	: 	: 
FP02_3,PC,UK	1.32 d	1.01 d	0.80 d	0.83 d	0.92 d	1.08 d	1.18 d	0.99 d	1.03 d	1.04 d	0.79 d	: du	: du	: 	: 	: 	: 	: 	: 	: 	: 
FP02_4,PC,AL	: 	: 	: 	: 	: 	: 	: 	: 	: 	: d	: 	: 	: 	: 	: 	: 	: 	: 	: 	: 	: 
FP02_4,PC,AT	0.59 	0.61 	0.55 	0.46 	0.40 	0.40 	0.40 	0.40 	0.42 	0.63 	0.62 	: u	: 	: 	: 	: 	: 	: 	: 	: 	: 
FP02_4,PC,BE	0.78 d	0.78 d	0.75 d	0.75 d	0.71 d	0.71 d	0.69 d	0.69 d	0.71 d	0.70 d	0.70 d	: du	: du	: 	: 	: 	: 	: 	: 	: 	: 
FP02_4,PC,BG	0.88 	0.92 	0.91 	0.85 	0.74 	0.74 	0.72 	0.76 	0.67 	0.67 	0.62 	: u	: 	: 	: 	: 	: 	: 	: 	: 	: 
FP02_4,PC,CH	0.28 	0.28 	0.29 	0.28 	0.34 	0.31 	0.32 	0.32 	0.33 	0.31 	0.30 	0.31 	: 	: 	: 	: 	: 	: 	: 	: 	: 
FP02_4,PC,CY	0.41 d	0.40 d	0.41 d	0.35 d	0.33 d	0.34 d	0.34 d	0.34 d	0.36 d	0.35 d	0.32 d	: du	: du	: 	: 	: 	: 	: 	: 	: 	: 
FP02_4,PC,CZ	0.66 	0.63 	0.60 	0.49 	0.50 	0.51 	0.49 	0.48 	0.52 	0.51 	0.51 	: u	: 	: 	: 	: 	: 	: 	: 	: 	: 
FP02_4,PC,DE	0.56 	0.55 	0.55 	0.50 	0.48 	0.47 	0.47 	0.47 	0.46 	0.49 	0.42 	: u	: 	: 	: 	: 	: 	: 	: 	: 	: 
FP02_4,PC,DK	1.61 d	1.27 	1.25 	0.90 	0.87 	0.87 	0.97 	1.04 	0.99 	0.94 	0.98 	: u	: 	: 	: 	: 	: 	: 	: 	: 	: 
FP02_4,PC,EE	0.44 	0.47 	0.51 	0.55 	0.39 d	0.35 	0.39 	0.35 	0.33 	0.42 	0.34 	: du	: du	: 	: 	: 	: 	: 	: 	: 	: 
FP02_4,PC,EL	: 	: 	: 	: 	: 	: 	: 	0.11 d	0.11 d	0.17 d	0.24 d	: du	: du	: 	: 	: 	: 	: 	: 	: 	: 
FP02_4,PC,ES	0.68 	0.70 	0.72 	0.64 	0.59 	0.55 	0.52 	0.48 	0.46 	0.42 	0.39 	: u	: 	: 	: 	: 	: 	: 	: 	: 	: 
FP02_4,PC,FI	0.40 	0.40 	0.40 	0.36 	0.34 	0.34 	0.35 	0.35 	0.34 	0.33 	0.33 	: u	: 	: 	: 	: 	: 	: 	: 	: 	: 
FP02_4,PC,FR	0.66 	0.68 	0.68 	0.64 	0.65 	0.64 	0.64 	0.67 	0.67 	0.65 	0.65 	0.66 	0.71 d	: 	: 	: 	: 	: 	: 	: 	: 
FP02_4,PC,HR	0.66 	0.66 	0.67 d	0.60 d	0.55 d	0.57 d	0.49 d	0.49 	0.49 d	0.44 d	: 	: 	: 	: 	: 	: 	: 	: 	: 	: 	: 
FP02_4,PC,HU	0.89 	0.97 	0.91 	0.96 	0.91 	1.00 	0.97 	0.93 	0.98 	0.91 	0.86 	: u	: 	: 	: 	: 	: 	: 	: 	: 	: 
FP02_4,PC,IE	0.10 	0.10 	0.05 	0.00 	0.00 	0.00 	0.00 	0.00 	0.07 	0.07 	0.06 	: u	: 	: 	: 	: 	: 	: 	: 	: 	: 
FP02_4,PC,IS	1.12 d	1.14 	1.17 d	1.13 d	1.05 d	1.04 d	0.93 d	0.89 d	1.16 d	0.29 d	0.29 d	0.27 d	0.26 d	: 	: 	: 	: 	: 	: 	: 	: 
FP02_4,PC,IT	0.44 	0.45 	0.48 	0.49 	0.47 	0.50 	0.46 	0.45 	0.44 	0.39 	0.47 	: u	: 	: 	: 	: 	: 	: 	: 	: 	: 
FP02_4,PC,LI	0.32 	0.33 	0.37 	0.31 	0.24 	0.25 	0.30 	0.34 	0.36 	1.12 	: 	: 	: 	: 	: 	: 	: 	: 	: 	: 	: 
FP02_4,PC,LT	0.71 	0.69 	0.74 	0.52 	0.56 	0.59 	0.59 	0.66 	0.73 	0.78 	0.82 	: u	: 	: 	: 	: 	: 	: 	: 	: 	: 
FP02_4,PC,LU	0.75 	0.76 	0.62 	0.51 	: 	: 	: 	: 	: 	: 	0.50 	: 	: 	: 	: 	: 	: 	: 	: 	: 	: 
FP02_4,PC,LV	0.82 	0.84 	0.97 	0.85 	0.73 	0.67 	0.64 	0.66 	0.72 	0.77 	0.87 	: u	: 	: 	: 	: 	: 	: 	: 	: 	: 
FP02_4,PC,MK	: 	: 	: 	: 	: 	: 	: 	: 	: d	: d	: 	: 	: 	: 	: 	: 	: 	: 	: 	: 	: 
FP02_4,PC,MT	0.42 	0.50 	0.37 	0.37 	1.15 	1.02 	1.35 b	1.31 	1.47 	0.28 	0.29 	: u	: 	: 	: 	: 	: 	: 	: 	: 	: 
FP02_4,PC,NL	0.41 	0.41 	0.41 	0.39 	0.38 	0.41 	0.42 	0.42 	0.43 	0.40 	0.37 	0.35 	0.34 	0.35 	0.33 	0.36 	0.36 	: 	: 	: 	: 
FP02_4,PC,NO	0.55 	0.58 	0.61 d	0.51 d	0.54 d	0.50 d	0.65 d	0.56 d	0.52 d	1.05 d	0.60 d	1.26 d	1.15 d	: 	: 	: 	: 	: 	: 	: 	: 
FP02_4,PC,PL	0.54 	0.52 d	0.52 d	0.57 d	0.50 d	0.53 d	0.54 d	0.55 d	0.48 d	0.43 d	0.46 d	: du	: du	: 	: 	: 	: 	: 	: 	: 	: 
FP02_4,PC,PT	0.47 d	0.50 d	0.55 d	0.48 d	0.50 d	0.53 d	0.55 d	0.57 d	0.57 d	0.51 d	0.48 d	: du	: du	: 	: 	: 	: 	: 	: 	: 	: 
FP02_4,PC,RO	0.67 	0.66 	0.73 	: u	0.77 	: u	0.65 	0.66 	0.83 	0.79 	0.45 	: u	: 	: 	: 	: 	: 	: 	: 	: 	: 
FP02_4,PC,SE	0.72 	0.71 	0.73 	0.67 	0.60 	0.59 	0.54 	0.50 	0.49 	0.50 	0.46 	: u	: 	: 	: 	: 	: 	: 	: 	: 	: 
FP02_4,PC,SI	0.65 	0.59 	0.57 	0.49 	0.46 	0.51 	0.48 	0.48 	0.54 	0.57 	0.57 	: 	: 	: 	: 	: 	: 	: 	: 	: 	: 
FP02_4,PC,SK	0.53 d	0.54 d	0.60 d	0.53 d	0.47 d	0.47 d	0.50 d	0.54 d	0.64 d	0.55 d	0.53 d	: du	: du	: 	: 	: 	: 	: 	: 	: 	: 
FP02_4,PC,TR	0.17 	0.04 	: 	: 	: 	: 	: 	0.02 	: 	: u	: 	: 	: 	: 	: 	: 	: 	: 	: 	: 	: 
FP02_4,PC,UK	0.33 d	0.32 d	0.30 d	0.29 d	0.35 d	0.38 d	0.31 d	0.34 d	0.34 d	0.43 d	0.43 d	: du	: du	: 	: 	: 	: 	: 	: 	: 	: 
FP03_1,PC,AL	: 	: 	: 	: 	: 	: 	: 	: 	: 	: d	: 	: 	: 	: 	: 	: 	: 	: 	: 	: 	: 
FP03_1,PC,AT	5.18 	5.27 	5.36 	4.92 	4.82 	4.88 	5.04 	5.07 	5.24 	5.30 	5.41 	5.33 	5.56 	: 	: 	: 	: 	: 	: 	: 	: 
FP03_1,PC,BE	6.21 d	6.26 d	6.25 d	6.14 d	5.71 d	5.70 d	5.62 d	5.65 d	5.71 d	5.80 d	5.78 d	4.90 d	5.20 d	: 	: 	: 	: 	: 	: 	: 	: 
FP03_1,PC,BG	3.17 	3.35 	3.88 	3.83 	3.32 	3.47 	3.60 	3.74 	3.77 	3.75 	3.50 	3.70 	3.88 	: 	: 	: 	: 	: 	: 	: 	: 
FP03_1,PC,CH	5.12 	5.08 	5.19 	4.75 	4.68 	5.11 	5.35 	5.39 	5.56 	5.41 	5.10 	4.93 	: 	: 	: 	: 	: 	: 	: 	: 	: 
FP03_1,PC,CY	6.67 	6.73 	6.84 	6.50 	5.99 	6.11 	6.04 	5.92 	6.49 	5.87 	5.38 	4.90 	4.87 	: 	: 	: 	: 	: 	: 	: 	: 
FP03_1,PC,CZ	4.38 	4.11 	4.18 	3.76 	3.90 	4.25 	3.90 	4.01 	4.13 	3.94 	3.71 	3.61 	3.77 	: 	: 	: 	: 	: 	: 	: 	: 
FP03_1,PC,DE	4.42 	4.51 	4.51 	4.10 	4.00 	4.07 	4.21 	4.27 	4.39 	4.38 	4.21 	4.22 	4.25 	: 	: 	: 	: 	: 	: 	: 	: 
FP03_1,PC,DK	7.45 d	7.51 d	7.50 d	6.45 d	6.55 d	6.66 d	6.84 d	6.87 	6.70 	6.77 d	6.77 d	6.38 d	6.44 d	: 	: 	: 	: 	: 	: 	: 	: 
FP03_1,PC,EE	4.94 	5.38 	5.77 	5.31 	4.48 	4.43 	4.60 	4.75 	4.98 	5.03 	4.84 	5.60 d	6.51 d	: 	: 	: 	: 	: 	: 	: 	: 
FP03_1,PC,EL	: 	: 	: 	: 	: 	: 	4.07 	3.76 	3.48 	3.50 d	3.42 d	3.34 d	3.22 d	: 	: 	: 	: 	: 	: 	: 	: 
FP03_1,PC,ES	4.64 	4.79 	4.84 	4.45 	4.21 	4.13 	4.10 	4.13 	4.16 	4.14 	4.12 	4.17 	4.27 	: 	: 	: 	: 	: 	: 	: 	: 
FP03_1,PC,FI	6.31 	6.36 	6.31 	5.69 	5.49 	5.74 	5.84 	5.94 	5.93 	5.71 	5.55 	5.40 	5.58 	: 	: 	: 	: 	: 	: 	: 	: 
FP03_1,PC,FR	5.46 	5.64 	5.68 	5.41 	5.41 	5.39 	5.45 	5.57 	5.69 	5.67 	5.70 	5.79 	5.58 d	: 	: 	: 	: 	: 	: 	: 	: 
FP03_1,PC,HR	4.15 	4.28 	4.39 	4.29 d	3.99 	4.01 	3.98 	3.85 	3.89 d	3.71 	: 	: 	: 	: 	: 	: 	: 	: 	: 	: 	: 
FP03_1,PC,HU	4.44 	4.62 	4.82 	4.82 	5.02 	5.13 	5.13 	5.06 	5.52 	4.90 	4.53 	4.44 	4.53 	: 	: 	: 	: 	: 	: 	: 	: 
FP03_1,PC,IE	5.64 	5.86 d	5.89 d	5.18 d	4.42 	4.24 	4.22 	4.17 	4.05 	3.98 	3.99 	3.97 	3.13 	: 	: 	: 	: 	: 	: 	: 	: 
FP03_1,PC,IS	6.92 d	7.01 	7.34 d	7.16 d	6.99 d	7.16 d	7.20 d	7.11 d	7.12 d	6.46 d	5.92 d	5.53 d	5.50 d	: 	: 	: 	: 	: 	: 	: 	: 
FP03_1,PC,IT	4.02 	4.19 	4.41 	4.35 	4.03 	4.46 	4.21 	4.36 	4.50 	4.40 	4.67 	4.33 	4.29 	: 	: 	: 	: 	: 	: 	: 	: 
FP03_1,PC,LI	2.39 	2.53 	2.72 	1.95 	1.82 	1.95 	2.14 	2.14 	1.93 	2.70 	: 	: 	: 	: 	: 	: 	: 	: 	: 	: 	: 
FP03_1,PC,LT	4.95 	5.10 	5.38 	4.67 	4.43 	4.48 	4.47 	4.77 	4.77 	5.43 	5.48 	5.65 	6.14 	: 	: 	: 	: 	: 	: 	: 	: 
FP03_1,PC,LU	: 	: 	: 	: 	3.07 d	3.33 d	3.70 d	3.78 d	3.68 d	3.72 d	3.54 d	: 	: 	: 	: 	: 	: 	: 	: 	: 	: 
FP03_1,PC,LV	4.66 	4.69 	5.30 	5.46 	4.85 	4.86 	4.81 	4.74 	5.14 	6.08 	6.55 	6.24 	5.24 	: 	: 	: 	: 	: 	: 	: 	: 
FP03_1,PC,MK	: 	: 	: 	: 	: 	: 	: 	: 	3.22 d	3.25 d	: 	: 	: 	: 	: 	: 	: 	: 	: 	: 	: 
FP03_1,PC,MT	6.92 	5.66 	5.31 	5.72 	6.18 	6.45 	6.58 b	4.64 	4.06 	3.80 	3.86 	3.92 	3.98 	: 	: 	: 	: 	: 	: 	: 	: 
FP03_1,PC,NL	5.08 	5.19 	5.17 	4.68 	4.64 	4.72 	4.85 	4.80 	4.82 	4.65 	4.48 	4.31 	4.28 	4.31 	4.15 	4.37 	4.52 	: 	: 	: 	: 
FP03_1,PC,NO	5.49 	5.81 	6.04 d	5.16 	5.36 d	5.31 d	5.63 d	6.05 d	6.39 d	6.62 d	6.30 d	5.93 d	6.43 d	: 	: 	: 	: 	: 	: 	: 	: 
FP03_1,PC,PL	4.76 	4.98 d	5.02 d	5.01 d	4.79 d	5.14 d	5.38 d	5.36 d	5.30 d	5.28 d	5.36 d	4.86 d	4.75 d	: 	: 	: 	: 	: 	: 	: 	: 
FP03_1,PC,PT	5.01 d	5.33 d	5.45 d	4.68 d	4.91 d	4.90 d	5.08 d	5.00 d	5.30 d	5.22 d	5.28 d	5.09 d	5.32 d	: 	: 	: 	: 	: 	: 	: 	: 
FP03_1,PC,RO	2.95 	3.41 	4.11 	: u	4.17 	: u	3.32 	3.19 	3.38 	3.43 	3.11 	2.78 	2.82 	: 	: 	: 	: 	: 	: 	: 	: 
FP03_1,PC,SE	6.08 	6.22 	6.48 	6.07 	5.91 	6.00 	6.11 	6.25 	6.33 	6.39 	5.99 	6.06 	6.05 	: 	: 	: 	: 	: 	: 	: 	: 
FP03_1,PC,SI	5.16 	5.21 	5.24 	4.79 	4.74 	5.23 	5.22 	5.21 	5.24 	5.19 	5.13 	: 	: 	: 	: 	: 	: 	: 	: 	: 	: 
FP03_1,PC,SK	3.73 	3.87 	3.74 	3.30 	3.34 d	3.59 d	3.66 d	3.97 d	4.17 d	3.96 d	3.85 d	3.89 d	4.14 d	: 	: 	: 	: 	: 	: 	: 	: 
FP03_1,PC,TR	3.82 	: 	: 	: 	: 	2.67 	: 	2.94 	2.82 d	2.68 d	2.57 d	2.51 d	2.86 d	: 	: 	: 	: 	: 	: 	: 	: 
FP03_1,PC,UK	4.69 d	4.33 d	4.07 d	3.86 d	3.90 d	4.32 d	4.90 d	4.80 d	4.95 d	4.81 d	4.53 d	4.35 d	4.22 d	: 	: 	: 	: 	: 	: 	: 	: 
FP03_2,PC,AT	0.61 	0.64 	0.62 	0.55 	0.52 	0.52 	0.40 d	0.41 d	0.29 d	0.37 d	0.33 d	0.38 d	0.30 d	: 	: 	: 	: 	: 	: 	: 	: 
FP03_2,PC,BE	0.34 d	0.32 d	0.32 d	0.29 d	0.29 d	0.28 d	0.30 d	0.30 d	0.31 d	0.29 d	0.21 d	0.22 d	0.25 d	: 	: 	: 	: 	: 	: 	: 	: 
FP03_2,PC,BG	0.65 	0.74 	0.70 d	0.60 	0.57 d	0.58 	0.65 d	0.66 d	0.32 d	0.18 d	0.20 d	0.18 	0.13 d	: 	: 	: 	: 	: 	: 	: 	: 
FP03_2,PC,CH	0.15 	0.15 	0.17 	0.20 	0.20 	0.17 	0.17 	0.16 	0.16 	0.16 	0.16 	0.14 	: 	: 	: 	: 	: 	: 	: 	: 	: 
FP03_2,PC,CY	1.20 d	1.19 d	1.14 d	0.95 d	0.96 d	0.91 d	0.92 d	0.85 d	0.88 d	0.73 d	0.59 d	0.52 d	0.49 d	: 	: 	: 	: 	: 	: 	: 	: 
FP03_2,PC,CZ	0.13 	0.14 	0.18 	0.16 	0.15 	0.17 	0.18 	0.19 	0.20 	0.21 	0.22 d	0.21 d	0.20 d	: 	: 	: 	: 	: 	: 	: 	: 
FP03_2,PC,DE	0.56 	0.57 	0.55 	0.47 	0.49 	0.35 	0.36 	0.36 	0.35 	0.35 	0.30 	0.27 	0.25 	: 	: 	: 	: 	: 	: 	: 	: 
FP03_2,PC,DK	1.29 	1.29 	1.24 	1.23 	1.26 	1.31 	1.46 	1.57 	1.63 	1.67 d	1.67 d	1.91 d	1.67 d	: 	: 	: 	: 	: 	: 	: 	: 
FP03_2,PC,EE	0.22 	0.28 	0.26 	0.30 d	0.24 d	0.26 	0.28 d	0.17 d	0.31 d	0.43 d	0.40 d	0.43 d	0.23 d	: 	: 	: 	: 	: 	: 	: 	: 
FP03_2,PC,EL	: 	: 	: 	: 	: 	: 	0.02 	0.08 d	0.07 d	0.07 d	0.07 d	0.05 d	0.03 d	: 	: 	: 	: 	: 	: 	: 	: 
FP03_2,PC,ES	0.18 	0.19 	0.18 	0.17 	0.14 	0.13 	0.13 d	0.12 d	0.12 d	0.11 d	0.11 d	0.11 d	0.12 d	: 	: 	: 	: 	: 	: 	: 	: 
FP03_2,PC,FI	0.45 	0.49 	0.50 	0.41 	0.41 	0.45 	0.46 	0.48 	0.50 	0.51 	0.51 d	0.49 d	0.50 d	: 	: 	: 	: 	: 	: 	: 	: 
FP03_2,PC,FR	0.22 	0.22 	0.22 	0.21 	0.20 	0.21 	0.22 d	0.23 d	0.23 d	0.23 d	0.25 d	0.25 d	0.23 d	: 	: 	: 	: 	: 	: 	: 	: 
FP03_2,PC,HR	0.05 	0.03 	0.03 d	0.03 d	0.03 d	0.03 d	0.03 d	0.02 	0.03 d	: 	: 	: 	: 	: 	: 	: 	: 	: 	: 	: 	: 
FP03_2,PC,HU	0.28 	0.28 	0.30 	0.28 	0.27 	0.31 	0.33 	0.38 	0.40 	0.49 	0.53 	0.13 	0.14 	: 	: 	: 	: 	: 	: 	: 	: 
FP03_2,PC,IE	0.51 	0.54 	0.55 	0.49 	0.51 	0.50 	0.50 	0.49 	0.29 	0.28 d	0.25 d	0.27 d	0.21 d	: 	: 	: 	: 	: 	: 	: 	: 
FP03_2,PC,IS	0.44 d	0.60 	0.47 	0.39 	0.37 d	0.38 d	0.39 d	0.36 d	0.59 d	0.32 d	0.31 d	0.28 d	0.28 d	: 	: 	: 	: 	: 	: 	: 	: 
FP03_2,PC,IT	0.28 	0.31 	0.29 	0.21 	0.23 	0.21 	0.20 	0.20 	0.22 	0.20 	0.16 	0.19 	0.18 	: 	: 	: 	: 	: 	: 	: 	: 
FP03_2,PC,LI	0.14 	0.15 	0.18 	0.10 	0.10 	0.10 	0.15 	0.29 	0.53 	0.27 	: 	: 	: 	: 	: 	: 	: 	: 	: 	: 	: 
FP03_2,PC,LT	0.22 	0.26 	0.26 	0.21 	0.21 	0.33 	0.41 	0.40 	0.36 	0.38 	0.37 	0.25 	0.24 	: 	: 	: 	: 	: 	: 	: 	: 
FP03_2,PC,LU	: 	: 	: 	: 	0.07 d	0.08 d	0.08 d	0.09 d	0.09 d	0.08 d	0.20 d	: 	: 	: 	: 	: 	: 	: 	: 	: 	: 
FP03_2,PC,LV	0.30 	0.27 	0.29 	0.24 	0.22 	0.27 	0.33 	0.38 	0.44 	0.52 	0.67 	0.69 	0.53 	: 	: 	: 	: 	: 	: 	: 	: 
FP03_2,PC,MK	: 	: 	: 	: 	: 	: 	: 	: 	0.08 d	0.10 	: 	: 	: 	: 	: 	: 	: 	: 	: 	: 	: 
FP03_2,PC,MT	1.04 	1.09 	0.00 	: 	: 	0.00 	: 	0.03 d	0.42 d	0.42 d	0.41 d	0.41 d	0.45 d	: 	: 	: 	: 	: 	: 	: 	: 
FP03_2,PC,NL	0.86 	0.79 	0.77 	0.82 	0.69 	0.78 	0.68 	0.70 	0.66 	0.57 	0.61 	0.67 	0.61 	0.64 	0.66 	0.68 	0.66 	: 	: 	: 	: 
FP03_2,PC,NO	1.17 	1.06 	1.20 	1.24 	1.29 d	1.18 d	1.35 d	1.38 d	1.16 d	0.96 	0.88 	0.82 	0.86 	: 	: 	: 	: 	: 	: 	: 	: 
FP03_2,PC,PL	0.18 	0.19 d	0.07 d	0.07 d	0.12 d	0.12 d	0.08 d	0.05 d	0.05 d	0.13 d	0.07 d	0.03 d	0.04 d	: 	: 	: 	: 	: 	: 	: 	: 
FP03_2,PC,PT	0.26 d	0.29 d	0.34 d	0.21 d	0.19 d	0.17 d	0.14 d	0.10 d	0.08 d	0.11 d	0.11 d	0.12 d	0.11 d	: 	: 	: 	: 	: 	: 	: 	: 
FP03_2,PC,RO	0.12 	0.12 	0.13 	: u	0.08 	: u	0.16 d	0.08 d	0.07 d	0.08 d	0.14 d	0.09 d	0.55 d	: 	: 	: 	: 	: 	: 	: 	: 
FP03_2,PC,SE	0.74 	0.76 	0.79 	0.69 	0.70 	0.75 	0.77 	0.84 	0.89 	0.97 	1.06 	1.10 	1.25 	: 	: 	: 	: 	: 	: 	: 	: 
FP03_2,PC,SI	0.52 	0.47 	0.44 	0.41 	0.42 	0.49 	0.51 d	0.53 d	0.56 d	0.57 d	0.73 d	: 	: 	: 	: 	: 	: 	: 	: 	: 	: 
FP03_2,PC,SK	0.33 d	0.35 d	0.35 d	0.31 d	0.28 d	0.21 d	0.19 d	0.22 d	0.13 d	0.35 	0.14 	0.03 	0.04 	: 	: 	: 	: 	: 	: 	: 	: 
FP03_2,PC,TR	0.24 	: 	: 	: 	: 	0.20 	: 	0.18 	0.14 d	0.14 d	0.14 d	0.08 d	0.10 d	: 	: 	: 	: 	: 	: 	: 	: 
FP03_2,PC,UK	1.30 d	1.82 d	1.49 d	1.42 d	1.39 d	1.06 d	0.41 d	0.31 d	0.26 d	0.26 d	0.05 d	0.11 d	0.25 d	: 	: 	: 	: 	: 	: 	: 	: 
FP04_1,PC,AT	11.42 	11.20 	11.36 	11.09 	10.97 	11.00 	10.88 	10.18 	10.77 	11.20 	11.19 	11.01 	10.92 	10.80 	10.94 	10.64 	10.78 	: 	: 	: 	: 
FP04_1,PC,BE	12.23 d	12.49 d	12.22 d	12.91 d	12.45 d	12.34 d	11.42 d	12.11 d	11.80 d	12.23 d	12.20 d	: u	: 	: 	: 	: 	: 	: 	: 	: 	: 
FP04_1,PC,BG	10.74 	10.95 	11.05 	11.55 	9.91 	11.76 	11.40 	11.40 	10.45 	9.95 	9.13 	: u	: 	: 	: 	: 	: 	: 	: 	: 	: 
FP04_1,PC,CH	15.68 	15.46 	15.69 	15.41 	15.22 	15.89 	15.67 	15.47 	15.74 	15.09 	15.09 	14.23 	: 	: 	: 	: 	: 	: 	: 	: 	: 
FP04_1,PC,CY	17.01 d	17.16 d	17.26 d	17.68 d	16.81 d	16.48 d	16.12 d	15.96 d	16.53 d	16.50 d	15.75 d	14.62 d	14.58 d	14.96 d	: 	: 	: 	: 	: 	: 	: 
FP04_1,PC,CZ	10.44 	9.71 	9.76 	9.52 	9.88 	10.53 	9.48 	9.70 	8.65 	9.10 	8.96 	9.19 	9.39 	8.98 	10.45 	10.93 	8.50 	: 	: 	: 	: 
FP04_1,PC,DE	11.03 	10.62 	10.48 	10.36 	10.33 	9.76 	9.74 	9.82 	9.78 	9.85 	9.47 	9.88 	9.38 	: 	9.35 	: 	9.70 d	: 	: 	: 	: 
FP04_1,PC,DK	15.15 d	15.25 d	15.05 d	14.91 d	15.38 d	15.45 d	15.72 d	15.45 	15.13 	15.46 d	15.57 d	15.37 d	14.65 d	14.55 d	13.79 d	13.57 d	12.98 d	: 	: 	: 	: 
FP04_1,PC,EE	13.73 	13.99 	13.48 	14.15 	13.88 	13.98 	14.53 	14.49 	15.19 	15.29 	15.06 	14.57 d	16.72 d	14.39 d	15.02 d	14.20 d	13.42 d	: 	: 	: 	: 
FP04_1,PC,EL	: 	: 	: 	: 	: 	: 	9.17 	8.42 d	7.95 d	7.93 d	7.72 d	7.28 d	7.34 d	7.01 d	6.86 d	6.24 d	5.62 d	: 	: 	: 	: 
FP04_1,PC,ES	10.54 	10.76 	10.86 	11.16 	11.10 	11.11 	11.00 	10.92 	11.13 	10.92 	10.96 	10.98 	11.00 	10.86 	10.86 	10.71 	10.36 	: 	: 	: 	: 
FP04_1,PC,FI	12.26 	12.27 	12.14 	12.40 	12.45 	12.57 	12.52 	12.78 	12.79 	12.70 	12.65 	12.19 	11.80 	11.90 	11.55 	11.71 	11.49 	: 	: 	: 	: 
FP04_1,PC,FR	10.16 	10.37 	10.41 	10.55 	10.67 	10.59 	10.59 	10.89 	11.09 	11.17 	11.51 	11.68 	11.05 d	11.40 d	11.32 d	11.18 d	11.27 d	: 	: 	: 	: 
FP04_1,PC,HR	8.74 	9.18 	9.56 	9.95 	9.14 	9.14 	9.06 	8.57 	8.79 	7.97 	: 	: 	: 	: 	: 	: 	: 	: 	: 	: 	: 
FP04_1,PC,HU	9.42 	9.80 	9.95 	10.36 	10.43 	10.42 	10.90 	11.09 	11.91 	10.46 	10.58 	9.51 	9.34 	: 	: 	: 	: 	: 	: 	: 	: 
FP04_1,PC,IE	13.07 	9.78 	13.36 	13.26 d	13.36 	13.77 	13.95 	13.89 	13.10 	12.74 	12.79 	13.62 	9.80 	13.94 	13.88 	13.49 	12.22 	: 	: 	: 	: 
FP04_1,PC,IS	15.53 d	14.74 	15.32 d	13.10 d	17.41 d	18.12 d	17.97 d	16.98 d	16.89 d	15.34 	14.64 d	13.91 d	13.75 d	13.90 d	13.25 d	12.52 d	11.36 d	: 	: 	: 	: 
FP04_1,PC,IT	8.64 	8.93 	9.05 	9.39 	8.95 	9.64 	9.20 	9.59 	9.82 	9.76 	10.13 	9.85 	9.28 	9.42 	8.88 	9.12 	9.09 	: 	: 	: 	: 
FP04_1,PC,LT	13.37 	12.69 	12.56 	12.87 	13.14 	14.08 	14.35 	15.20 	15.19 	16.42 	15.98 	14.39 	15.88 	14.74 	11.59 	13.57 	14.07 	: 	: 	: 	: 
FP04_1,PC,LU	: 	: 	: 	: 	8.67 d	8.83 d	9.10 d	9.09 d	9.01 d	9.13 d	9.82 d	: 	: 	: 	9.41 d	8.82 d	9.35 d	: 	: 	: 	: 
FP04_1,PC,LV	12.91 	11.43 	12.81 	14.61 	14.10 	13.39 	14.34 	14.25 	15.99 	18.35 	20.64 	15.08 	13.80 	14.10 	14.65 	13.62 	15.62 	: 	: 	: 	: 
FP04_1,PC,MT	19.26 	16.07 	12.53 	13.30 d	14.79 	14.94 	15.11 b	10.70 	9.81 	10.13 	10.36 	10.96 	10.29 	11.13 	: 	: 	: 	: 	: 	: 	: 
FP04_1,PC,NL	11.89 	11.65 	11.56 	11.90 	11.76 	12.08 	12.34 	11.94 	11.62 	11.30 	11.22 	11.28 	10.64 	10.16 	9.85 	10.06 	8.98 	: 	: 	: 	: 
FP04_1,PC,NO	15.15 	15.21 	15.67 	16.09 	16.51 d	16.20 d	16.68 d	16.45 d	15.67 d	16.10 d	16.27 d	15.94 d	15.30 d	15.29 d	15.99 d	14.15 d	14.44 d	: 	: 	: 	: 
FP04_1,PC,PL	11.39 	11.38 d	11.41 d	11.76 d	11.65 d	11.98 d	12.58 d	12.68 d	11.97 d	12.23 d	12.38 d	11.16 d	11.21 d	10.51 d	9.64 d	9.23 d	10.02 d	: 	: 	: 	: 
FP04_1,PC,PT	10.69 d	10.92 d	11.63 d	10.92 d	11.50 d	11.22 d	11.20 d	11.23 d	12.03 d	12.39 d	12.49 d	12.61 d	12.56 d	12.74 d	12.51 d	12.10 d	11.92 d	: 	: 	: 	: 
FP04_1,PC,RO	7.79 	8.79 	10.31 	: u	11.11 	: u	10.34 	9.77 	10.30 	10.03 	8.98 	: u	: 	: 	: 	: 	: 	: 	: 	: 	: 
FP04_1,PC,SE	13.25 	13.35 	13.22 	13.06 	12.98 	12.80 	12.79 	13.08 	12.96 	13.24 	12.94 	13.01 	12.47 	12.69 	12.09 	11.29 	10.67 	: 	: 	: 	: 
FP04_1,PC,SI	11.39 	11.49 	11.69 	11.81 	12.19 	12.90 	12.71 	12.58 	12.54 	12.47 	12.39 	: 	: 	: 	: 	: 	: 	: 	: 	: 	: 
FP04_1,PC,SK	10.43 d	10.60 d	9.84 d	10.35 d	10.59 d	10.40 d	10.13 d	11.13 d	10.71 d	9.56 d	8.98 d	7.53 d	8.74 d	7.41 d	7.38 d	7.32 d	9.20 d	: 	: 	: 	: 
FP04_1,PC,UK	12.12 d	12.16 d	11.59 d	11.93 d	12.17 d	12.38 d	12.39 d	12.17 d	12.66 d	12.62 d	12.14 d	11.51 d	11.36 d	11.63 d	11.43 d	11.36 d	11.70 d	: 	: 	: 	: 
FP04_2,PC,AT	10.21 	9.98 	10.19 	9.98 	9.91 	9.94 	10.08 	9.43 	10.21 	10.46 	10.55 	10.27 	10.37 	: 	: 	: 	: 	: 	: 	: 	: 
FP04_2,PC,BE	11.59 d	11.88 d	11.62 d	12.33 d	11.85 d	11.76 d	10.84 d	11.49 d	11.19 d	11.65 d	11.78 d	9.98 d	10.35 d	: 	: 	: 	: 	: 	: 	: 	: 
FP04_2,PC,BG	8.91 	8.96 	9.36 	9.98 	8.46 	10.08 	9.66 	9.68 	9.64 	9.49 	8.63 	8.96 	9.29 	: 	: 	: 	: 	: 	: 	: 	: 
FP04_2,PC,CH	15.22 	15.03 	15.19 	14.80 	14.61 	15.38 	15.19 	15.02 	15.30 	14.65 	14.64 	13.85 	: 	: 	: 	: 	: 	: 	: 	: 	: 
FP04_2,PC,CY	14.42 	14.59 	14.79 	15.43 	14.50 	14.35 	14.00 	13.97 	14.56 	14.67 	14.18 	13.22 	13.24 	: 	: 	: 	: 	: 	: 	: 	: 
FP04_2,PC,CZ	10.14 	9.39 	9.36 	9.13 	9.51 	10.13 	9.07 	9.27 	8.25 	8.64 	8.46 	8.68 	8.91 	: 	: 	: 	: 	: 	: 	: 	: 
FP04_2,PC,DE	9.78 	9.42 	9.33 	9.29 	9.19 	8.99 	8.97 	9.07 	9.05 	9.13 	8.85 	9.35 	8.85 	: 	: 	: 	: 	: 	: 	: 	: 
FP04_2,PC,DK	12.91 d	13.02 d	12.91 d	12.52 d	12.89 d	12.90 d	12.96 d	12.58 	12.17 	12.40 d	12.49 d	11.88 d	11.64 d	: 	: 	: 	: 	: 	: 	: 	: 
FP04_2,PC,EE	13.16 	13.30 	12.90 	13.39 	13.19 	13.20 	13.68 	13.99 	14.30 	14.08 	13.92 	15.52 d	16.14 d	: 	: 	: 	: 	: 	: 	: 	: 
FP04_2,PC,EL	: 	: 	: 	: 	: 	: 	9.12 	8.26 	7.79 	7.77 d	7.56 d	7.14 d	7.26 d	: 	: 	: 	: 	: 	: 	: 	: 
FP04_2,PC,ES	10.14 	10.34 	10.48 	10.75 	10.74 	10.78 	10.67 	10.61 	10.82 	10.63 	10.66 	10.64 	10.70 	: 	: 	: 	: 	: 	: 	: 	: 
FP04_2,PC,FI	11.45 	11.40 	11.25 	11.56 	11.59 	11.66 	11.60 	11.82 	11.79 	11.66 	11.58 	11.18 	10.83 	: 	: 	: 	: 	: 	: 	: 	: 
FP04_2,PC,FR	9.77 	9.98 	10.02 	10.15 	10.29 	10.18 	10.18 	10.46 	10.66 	10.73 	11.04 	11.20 	10.61 d	: 	: 	: 	: 	: 	: 	: 	: 
FP04_2,PC,HR	8.63 	9.12 	9.49 	9.88 	9.08 	9.07 	9.06 	8.52 	8.72 	7.97 	: 	: 	: 	: 	: 	: 	: 	: 	: 	: 	: 
FP04_2,PC,HU	8.87 	9.24 	9.37 	9.79 	9.89 	9.83 	10.24 	10.32 	11.11 	9.51 	9.47 	9.30 	9.07 	: 	: 	: 	: 	: 	: 	: 	: 
FP04_2,PC,IE	11.98 	8.95 	12.22 	12.11 d	11.99 	12.32 	12.46 	12.43 	12.22 	11.90 	12.05 	12.73 	9.18 	: 	: 	: 	: 	: 	: 	: 	: 
FP04_2,PC,IS	14.60 d	13.59 	14.40 d	12.42 d	16.55 d	17.20 d	17.04 d	16.16 d	15.61 d	14.60 	13.90 d	13.21 d	13.08 d	: 	: 	: 	: 	: 	: 	: 	: 
FP04_2,PC,IT	8.08 	8.32 	8.50 	8.95 	8.46 	9.20 	8.79 	9.17 	9.37 	9.34 	9.80 	9.43 	8.91 	: 	: 	: 	: 	: 	: 	: 	: 
FP04_2,PC,LT	12.79 	12.07 	11.99 	12.31 	12.54 	13.11 	13.15 	14.03 	14.12 	15.35 	14.97 	14.47 	15.29 	: 	: 	: 	: 	: 	: 	: 	: 
FP04_2,PC,LU	: 	: 	: 	: 	8.48 d	8.64 d	8.90 d	8.89 d	8.80 d	8.94 d	9.30 d	: 	: 	: 	: 	: 	: 	: 	: 	: 	: 
FP04_2,PC,LV	12.13 	10.80 	12.15 	13.99 	13.50 	12.68 	13.43 	13.19 	14.72 	16.90 	18.74 	16.59 	12.54 	: 	: 	: 	: 	: 	: 	: 	: 
FP04_2,PC,MT	16.75 	13.48 	12.52 	13.30 d	14.79 	14.94 	15.11 b	10.63 	8.90 	9.12 	9.36 	9.95 	9.25 	: 	: 	: 	: 	: 	: 	: 	: 
FP04_2,PC,NL	10.18 	10.10 	10.06 	10.12 	10.25 	10.36 	10.82 	10.42 	10.23 	10.07 	9.88 	9.77 	9.31 	9.23 	8.73 	8.84 	8.02 	: 	: 	: 	: 
FP04_2,PC,NO	12.48 	12.87 	13.06 	12.98 	13.30 d	13.26 d	13.46 d	13.40 d	13.27 d	14.07 d	14.29 d	14.01 d	13.49 d	: 	: 	: 	: 	: 	: 	: 	: 
FP04_2,PC,PL	10.97 	10.96 d	11.25 d	11.59 d	11.36 d	11.71 d	12.39 d	12.58 d	11.87 d	11.93 d	12.23 d	11.83 d	11.13 d	: 	: 	: 	: 	: 	: 	: 	: 
FP04_2,PC,PT	10.16 d	10.35 d	10.95 d	10.45 d	11.07 d	10.85 d	10.91 d	11.02 d	11.85 d	12.12 d	12.23 d	12.23 d	12.30 d	: 	: 	: 	: 	: 	: 	: 	: 
FP04_2,PC,RO	7.47 	8.49 	9.99 	: u	10.89 	: u	9.87 	9.52 	10.10 	9.79 	8.60 	7.20 	7.11 	: 	: 	: 	: 	: 	: 	: 	: 
FP04_2,PC,SE	11.81 	11.89 	11.79 	11.73 	11.60 	11.38 	11.35 	11.53 	11.37 	11.49 	10.99 	11.00 	10.33 	: 	: 	: 	: 	: 	: 	: 	: 
FP04_2,PC,SI	10.35 	10.53 	10.78 	10.88 	11.21 	11.80 	11.58 	11.42 	11.33 	11.23 	10.84 	: 	: 	: 	: 	: 	: 	: 	: 	: 	: 
FP04_2,PC,SK	9.59 	9.72 	9.00 	9.45 	9.76 d	9.84 d	9.63 d	10.54 d	10.39 d	8.78 d	8.66 d	7.47 d	8.66 d	: 	: 	: 	: 	: 	: 	: 	: 
FP04_2,PC,UK	9.49 d	8.56 d	8.49 d	8.73 d	8.97 d	9.94 d	11.43 d	11.42 d	12.02 d	11.98 d	12.02 d	11.36 d	10.73 d	: 	: 	: 	: 	: 	: 	: 	: 
FP04_3,PC,AT	1.20 	1.22 	1.17 	1.11 	1.06 	1.06 	0.80 d	0.76 d	0.56 d	0.74 d	0.64 d	0.73 d	0.55 d	: 	: 	: 	: 	: 	: 	: 	: 
FP04_3,PC,BE	0.64 d	0.61 d	0.60 d	0.59 d	0.60 d	0.58 d	0.58 d	0.62 d	0.61 d	0.58 d	0.42 d	0.44 d	0.50 d	: 	: 	: 	: 	: 	: 	: 	: 
FP04_3,PC,BG	1.83 	1.99 	1.69 	1.57 	1.44 	1.67 	1.73 	1.72 	0.81 	0.46 	0.49 	0.44 	0.32 	: 	: 	: 	: 	: 	: 	: 	: 
FP04_3,PC,CH	0.46 	0.43 	0.50 	0.61 	0.61 	0.51 	0.48 	0.45 	0.44 	0.43 	0.45 	0.38 	: 	: 	: 	: 	: 	: 	: 	: 	: 
FP04_3,PC,CY	2.59 d	2.57 d	2.47 d	2.25 d	2.31 d	2.14 d	2.12 d	1.99 d	1.97 d	1.83 d	1.56 d	1.40 d	1.34 d	: 	: 	: 	: 	: 	: 	: 	: 
FP04_3,PC,CZ	0.30 	0.32 	0.40 	0.39 	0.37 	0.40 	0.41 	0.43 	0.40 	0.46 	0.50 d	0.51 d	0.48 d	: 	: 	: 	: 	: 	: 	: 	: 
FP04_3,PC,DE	1.25 	1.20 	1.14 	1.07 	1.14 	0.77 	0.77 	0.75 	0.73 	0.72 	0.62 	0.61 	0.52 	: 	: 	: 	: 	: 	: 	: 	: 
FP04_3,PC,DK	2.24 	2.24 	2.14 	2.39 	2.48 	2.55 	2.76 	2.87 	2.96 	3.06 d	3.08 d	3.56 d	3.02 d	: 	: 	: 	: 	: 	: 	: 	: 
FP04_3,PC,EE	0.57 	0.69 	0.57 	0.76 d	0.69 d	0.78 	0.85 d	0.50 d	0.89 d	1.21 d	1.14 d	1.20 d	0.58 d	: 	: 	: 	: 	: 	: 	: 	: 
FP04_3,PC,EL	: 	: 	: 	: 	: 	: 	0.06 	0.17 d	0.16 d	0.16 d	0.17 d	0.11 d	0.08 d	: 	: 	: 	: 	: 	: 	: 	: 
FP04_3,PC,ES	0.40 	0.42 	0.38 	0.41 	0.36 	0.34 	0.33 d	0.31 d	0.31 d	0.29 d	0.29 d	0.29 d	0.29 d	: 	: 	: 	: 	: 	: 	: 	: 
FP04_3,PC,FI	0.81 	0.87 	0.89 	0.84 	0.86 	0.91 	0.92 	0.96 	1.00 	1.03 	1.07 d	1.01 d	0.96 d	: 	: 	: 	: 	: 	: 	: 	: 
FP04_3,PC,FR	0.39 	0.39 	0.39 	0.39 	0.38 	0.40 	0.41 d	0.43 d	0.43 d	0.43 d	0.48 d	0.48 d	0.44 d	: 	: 	: 	: 	: 	: 	: 	: 
FP04_3,PC,HR	0.11 	0.07 	0.06 	0.07 	0.06 	0.06 	0.07 	0.05 	0.07 	: 	: 	: 	: 	: 	: 	: 	: 	: 	: 	: 	: 
FP04_3,PC,HU	0.55 	0.56 	0.58 	0.56 	0.54 	0.60 	0.65 	0.77 	0.80 	0.94 	1.11 	0.27 	0.27 	: 	: 	: 	: 	: 	: 	: 	: 
FP04_3,PC,IE	1.09 	0.83 	1.13 	1.15 	1.38 	1.44 	1.49 	1.46 	0.88 	0.85 d	0.75 d	0.86 d	0.62 d	: 	: 	: 	: 	: 	: 	: 	: 
FP04_3,PC,IS	0.93 d	1.15 	0.92 d	0.68 	0.87 d	0.92 d	0.93 d	0.82 d	1.28 d	0.73 	0.74 d	0.67 d	0.67 d	: 	: 	: 	: 	: 	: 	: 	: 
FP04_3,PC,IT	0.56 	0.61 	0.55 	0.44 	0.49 	0.44 	0.41 	0.42 	0.45 	0.42 	0.33 	0.42 	0.37 	: 	: 	: 	: 	: 	: 	: 	: 
FP04_3,PC,LT	0.58 	0.61 	0.57 	0.55 	0.59 	0.97 	1.20 	1.18 	1.07 	1.07 	1.01 	0.64 	0.59 	: 	: 	: 	: 	: 	: 	: 	: 
FP04_3,PC,LU	: 	: 	: 	: 	0.20 d	0.20 d	0.20 d	0.20 d	0.21 d	0.18 d	0.53 d	: 	: 	: 	: 	: 	: 	: 	: 	: 	: 
FP04_3,PC,LV	0.78 	0.63 	0.66 	0.62 	0.60 	0.71 	0.91 	1.06 	1.27 	1.44 	1.91 	1.84 	1.26 	: 	: 	: 	: 	: 	: 	: 	: 
FP04_3,PC,MT	2.51 	2.59 	0.01 	: 	: 	0.00 	: 	0.06 d	0.91 d	1.01 d	1.00 d	1.04 d	1.04 	: 	: 	: 	: 	: 	: 	: 	: 
FP04_3,PC,NL	1.72 	1.54 	1.50 	1.78 	1.51 	1.72 	1.52 	1.52 	1.39 	1.23 	1.34 	1.52 	1.33 	1.36 	1.39 	1.38 	1.18 	: 	: 	: 	: 
FP04_3,PC,NO	2.67 	2.34 	2.61 d	3.12 	3.21 d	2.94 d	3.22 d	3.05 d	2.40 d	2.03 	1.99 	1.93 	1.81 	: 	: 	: 	: 	: 	: 	: 	: 
FP04_3,PC,PL	0.42 	0.42 d	0.15 d	0.17 d	0.29 d	0.27 d	0.20 d	0.11 d	0.10 d	0.30 d	0.15 d	0.07 d	0.08 d	: 	: 	: 	: 	: 	: 	: 	: 
FP04_3,PC,PT	0.53 d	0.57 d	0.69 d	0.47 d	0.43 d	0.37 d	0.29 d	0.21 d	0.18 d	0.26 d	0.26 d	0.28 d	0.26 d	: 	: 	: 	: 	: 	: 	: 	: 
FP04_3,PC,RO	0.31 	0.30 	0.32 	: u	0.21 	: u	0.47 	0.25 	0.20 	0.23 d	0.38 d	0.23 	1.39 	: 	: 	: 	: 	: 	: 	: 	: 
FP04_3,PC,SE	1.43 	1.46 	1.43 	1.33 	1.38 	1.42 	1.44 	1.55 	1.59 	1.75 	1.95 	2.00 	2.14 	: 	: 	: 	: 	: 	: 	: 	: 
FP04_3,PC,SI	1.04 	0.96 	0.91 	0.93 	0.99 	1.10 	1.13 d	1.16 d	1.21 d	1.23 d	1.55 d	: 	: 	: 	: 	: 	: 	: 	: 	: 	: 
FP04_3,PC,SK	0.84 d	0.87 d	0.84 d	0.90 d	0.82 d	0.57 d	0.51 d	0.59 d	0.32 d	0.77 	0.32 	0.06 	0.08 	: 	: 	: 	: 	: 	: 	: 	: 
FP04_3,PC,UK	2.62 d	3.60 d	3.10 d	3.20 d	3.20 d	2.43 d	0.95 d	0.75 d	0.63 d	0.64 d	0.12 d	0.27 d	0.63 d	: 	: 	: 	: 	: 	: 	: 	: 
FP05_1,PC,AT	0.51 	0.52 	0.50 	0.50 	0.47 	0.59 	0.47 	0.39 	0.30 	0.38 	0.32 	0.33 	0.30 	0.39 	0.50 	0.40 	0.40 	: 	: 	: 	: 
FP05_1,PC,BE	0.32 d	0.34 d	0.38 d	0.37 d	0.34 d	0.34 d	0.35 d	0.34 d	0.35 d	0.36 d	0.36 d	0.43 d	0.27 d	: 	: 	: 	: 	: 	: 	: 	: 
FP05_1,PC,BG	0.65 	0.63 	0.66 	0.56 	0.58 	0.62 	0.58 	0.62 	0.65 	0.67 d	0.68 d	0.64 	0.56 d	0.60 	: 	: 	: 	: 	: 	: 	: 
FP05_1,PC,CH	0.48 d	0.48 	0.58 d	0.54 d	0.53 d	0.54 	0.55 	0.56 	0.61 	0.60 	0.54 	0.43 	: 	: 	: 	: 	: 	: 	: 	: 	: 
FP05_1,PC,CY	1.70 	1.61 	1.53 	1.36 	1.27 	1.21 	1.21 	1.18 	1.36 	1.41 	1.25 	2.62 	2.51 	1.72 	1.78 	1.71 	1.58 	: 	: 	: 	: 
FP05_1,PC,CZ	0.59 	0.57 	0.57 	0.55 	0.50 	0.53 	0.55 	0.58 	0.36 	0.23 	0.39 	0.40 	0.53 	: 	: 	: 	: 	: 	: 	: 	: 
FP05_1,PC,DE	0.69 	0.74 	0.80 	0.70 	0.69 	0.71 	0.92 	0.92 	0.92 	0.88 	0.97 	0.97 	1.01 	: 	1.00 	: 	1.02 	: 	: 	: 	: 
FP05_1,PC,DK	0.43 	0.44 	0.33 	0.55 	0.53 	0.58 	0.57 	0.32 d	0.32 d	0.28 d	0.27 d	0.27 d	0.27 d	: 	: 	: 	: 	: 	: 	: 	: 
FP05_1,PC,EE	0.33 d	0.41 d	0.36 d	0.30 d	0.31 d	0.34 	0.38 	: 	: 	: 	: 	: 	: 	: 	: 	: 	: 	: 	: 	: 	: 
FP05_1,PC,EL	: 	: 	: 	: 	: 	: 	0.26 	0.19 	0.20 	0.17 d	0.21 d	0.24 d	0.23 d	: 	: 	: 	: 	: 	: 	: 	: 
FP05_1,PC,ES	0.85 	0.82 d	0.72 d	0.66 d	0.61 d	0.52 	0.53 	0.61 	0.54 	0.54 	0.57 	0.60 	0.92 	0.72 	0.74 	0.80 	0.85 	: 	: 	: 	: 
FP05_1,PC,FI	0.15 	0.15 	0.16 	0.15 	0.14 	0.15 	0.13 	0.13 	0.13 	0.13 	0.12 	0.11 	0.13 	: 	: 	: 	: 	: 	: 	: 	: 
FP05_1,PC,FR	0.65 	0.64 	0.61 	0.60 	0.54 	0.54 	0.55 	0.55 	0.56 	0.56 	0.56 	0.56 	0.49 d	0.51 d	0.52 d	0.53 d	0.54 d	: 	: 	: 	: 
FP05_1,PC,HR	0.40 d	0.27 d	0.37 d	0.36 d	0.35 	0.38 	0.28 	: 	: 	0.13 d	: 	: 	: 	: 	: 	: 	: 	: 	: 	: 	: 
FP05_1,PC,HU	: z	: z	: z	: z	: z	0.54 	0.49 	0.52 	0.56 	0.55 	0.56 	0.58 	0.63 	0.61 	0.64 	0.61 	0.61 	: 	: 	: 	: 
FP05_1,PC,IE	0.47 	0.48 d	0.36 d	0.34 d	0.24 d	0.28 	0.29 	0.32 	0.31 	0.28 	0.34 	0.42 	0.25 	: 	: 	: 	: 	: 	: 	: 	: 
FP05_1,PC,IS	0.74 d	0.75 	0.74 d	0.71 d	0.77 d	0.81 d	0.72 d	0.74 d	0.70 d	0.57 d	0.53 d	0.56 d	0.52 d	0.53 d	: 	: 	: 	: 	: 	: 	: 
FP05_1,PC,IT	0.49 	0.46 	0.45 	0.41 	0.39 	0.37 	0.40 	0.42 	0.39 	0.35 	0.31 	0.43 	0.46 	: 	: 	: 	: 	: 	: 	: 	: 
FP05_1,PC,LI	0.66 	: 	: 	: 	: 	: 	: 	: 	: 	: u	: 	: 	: 	: 	: 	: 	: 	: 	: 	: 	: 
FP05_1,PC,LT	0.65 	0.68 	0.66 	0.51 	0.45 	0.46 	0.49 	0.47 	0.46 	: 	: 	: 	: 	: 	: 	: 	: 	: 	: 	: 	: 
FP05_1,PC,LU	: 	: 	: 	: 	: 	: 	: 	: 	: 	: 	: u	: 	: 	: 	: 	: 	: 	: 	: 	: 	: 
FP05_1,PC,LV	0.62 	0.57 	0.58 	0.60 	0.56 	0.66 	0.77 	0.82 	0.87 	0.95 d	0.96 d	0.63 d	0.57 d	0.52 	0.44 	0.40 	0.43 	: 	: 	: 	: 
FP05_1,PC,MT	1.27 	1.31 	1.32 	0.30 	0.37 	0.37 	0.37 b	0.43 	1.33 	0.59 	0.81 	0.47 d	0.26 d	: 	: 	: 	: 	: 	: 	: 	: 
FP05_1,PC,NL	1.09 	1.04 	1.02 	0.94 	0.90 	0.88 	0.91 	0.95 	0.91 	0.88 	0.83 	0.82 	0.83 	0.45 	0.46 	0.50 	0.48 	: 	: 	: 	: 
FP05_1,PC,NO	0.10 d	0.10 d	0.11 d	0.09 d	: 	: 	: d	0.05 d	0.10 d	0.26 	0.25 	0.08 d	0.11 d	: 	: 	: 	: 	: 	: 	: 	: 
FP05_1,PC,PL	0.70 d	0.80 d	0.77 d	0.74 d	0.50 d	0.54 d	0.55 d	0.59 d	0.66 d	0.64 d	: 	: 	0.15 	: 	: 	: 	: 	: 	: 	: 	: 
FP05_1,PC,PT	0.40 	0.43 	0.38 d	0.49 d	0.44 d	0.43 d	0.41 d	0.13 d	0.09 d	0.08 d	0.08 d	0.08 d	0.07 d	: 	: 	: 	: 	: 	: 	: 	: 
FP05_1,PC,RO	0.11 	0.12 	0.11 	: u	0.50 	: u	0.40 	: 	: 	0.16 d	0.21 d	0.25 d	0.31 d	0.18 d	: 	: 	: 	: 	: 	: 	: 
FP05_1,PC,SE	0.17 	0.16 	0.18 	0.17 	0.16 	0.17 	0.19 	0.19 	0.19 	0.17 	0.20 	0.19 	0.19 	: 	: 	: 	: 	: 	: 	: 	: 
FP05_1,PC,SI	0.67 	0.68 	0.68 	0.63 	0.72 	0.76 	0.78 	0.83 	0.83 	0.83 	0.81 	: 	: 	: 	: 	: 	: 	: 	: 	: 	: 
FP05_1,PC,SK	0.62 d	0.72 d	0.72 d	0.70 d	0.53 d	0.62 d	0.70 d	0.75 d	0.45 d	0.20 	0.11 	0.15 d	0.09 d	0.10 	: 	: 	0.12 	: 	: 	: 	: 
FP05_1,PC,TR	0.39 	: 	: 	: 	: 	: 	: 	0.08 	0.04 d	0.33 d	0.03 	0.05 d	0.04 d	0.05 d	0.05 d	0.06 d	0.04 d	: 	: 	: 	: 
FP05_1,PC,UK	1.57 d	1.99 d	1.84 d	1.70 d	1.72 d	1.41 d	1.22 d	0.92 d	0.94 d	0.89 d	0.82 d	0.78 d	0.82 d	: 	: 	: 	: 	: 	: 	: 	: 
FP06_1,PC,AT	5.84 	5.91 	6.03 	5.48 	5.40 	5.46 	5.49 	5.52 	5.58 	5.75 	5.86 	5.77 	5.97 	5.86 	5.89 	5.96 	6.15 	: 	: 	: 	: 
FP06_1,PC,BE	6.49 d	6.46 d	6.61 d	6.34 d	5.94 d	5.93 d	5.88 d	5.89 d	5.93 d	6.01 d	5.90 d	: u	: 	: 	: 	: 	: 	: 	: 	: 	: 
FP06_1,PC,BG	3.96 	4.18 	4.68 	4.65 	4.19 	4.15 	4.25 	4.34 	4.02 	3.85 	3.69 	3.98 	4.07 	4.36 	2.73 	2.68 	3.48 	: 	: 	: 	: 
FP06_1,PC,CH	5.23 	4.93 	5.24 	5.30 	4.84 	4.88 	5.05 	5.20 	5.33 	5.40 	5.03 	4.72 	: 	: 	: 	: 	: 	: 	: 	: 	: 
FP06_1,PC,CY	7.79 d	8.18 d	8.34 d	7.54 d	7.38 d	7.36 d	7.25 d	7.08 d	7.54 d	6.83 d	6.32 d	5.80 d	5.56 d	5.74 d	5.62 d	4.99 d	4.77 d	: 	: 	: 	: 
FP06_1,PC,CZ	4.83 	4.59 	4.67 	4.11 	4.37 	4.66 	4.26 	4.41 	4.48 	4.31 	4.05 	3.89 	4.07 	4.01 	4.51 	4.75 	4.65 	: 	: 	: 	: 
FP06_1,PC,DE	4.87 	4.97 	4.93 	4.51 	4.42 	4.34 	4.52 	4.58 	4.78 	4.79 	4.56 	4.50 	4.55 	: 	4.55 	: 	4.64 	: 	: 	: 	: 
FP06_1,PC,DK	8.52 d	8.61 d	8.60 d	7.56 d	7.73 d	7.82 d	8.18 d	8.39 	8.38 	8.54 d	8.56 d	8.47 d	8.18 d	8.36 d	7.99 d	8.13 d	7.77 d	: 	: 	: 	: 
FP06_1,PC,EE	5.44 	5.99 	6.22 	5.91 	5.05 d	4.96 	5.07 	5.17 	5.58 	5.70 	5.46 	5.81 d	6.84 d	5.75 d	6.09 d	6.00 d	5.83 d	: 	: 	: 	: 
FP06_1,PC,EL	: 	: 	: 	: 	: 	: 	4.15 	3.86 d	3.58 d	3.56 d	3.48 d	3.76 d	: d	3.38 d	3.35 d	2.99 d	2.78 d	: 	: 	: 	: 
FP06_1,PC,ES	4.92 	5.05 	5.11 	4.75 	4.45 	4.34 	4.29 	4.30 	4.33 	4.31 	4.31 	4.32 	4.43 	4.55 	4.58 	4.71 	4.67 	: 	: 	: 	: 
FP06_1,PC,FI	6.74 	6.75 	6.71 	6.07 	5.90 	6.13 	6.27 	6.37 	6.48 	6.21 	6.07 	5.94 	6.16 	6.38 	6.60 	7.14 	7.10 	: 	: 	: 	: 
FP06_1,PC,FR	5.56 	5.75 	5.79 	5.52 	5.52 	5.51 	5.59 	5.73 	5.86 	5.86 	5.87 	5.95 	5.72 d	5.93 d	6.03 d	6.02 d	6.07 d	: 	: 	: 	: 
FP06_1,PC,HR	4.33 d	4.43 d	4.57 d	4.44 d	4.10 d	4.14 d	4.07 d	3.94 	4.06 d	3.77 	: 	: 	: 	: 	: 	: 	: 	: 	: 	: 	: 
FP06_1,PC,HU	4.97 	5.14 	5.35 	5.45 	5.69 	5.75 	5.77 	5.74 	6.20 	5.68 	5.33 	4.80 	4.96 	5.00 	5.04 	4.83 	5.76 	: 	: 	: 	: 
FP06_1,PC,IE	7.58 	7.62 	7.71 	6.54 d	5.69 	5.40 	5.47 	5.44 	5.08 	5.14 	5.01 	4.99 	3.88 	5.41 	5.69 	5.80 	5.61 	: 	: 	: 	: 
FP06_1,PC,IS	8.57 d	9.22 	9.70 d	9.63 d	7.74 d	8.01 d	7.88 d	7.79 d	7.83 d	6.80 d	6.44 d	6.11 d	5.90 d	5.99 d	5.69 d	5.59 d	5.01 d	: 	: 	: 	: 
FP06_1,PC,IT	4.32 	4.52 	4.72 	4.61 	4.27 	4.66 	4.41 	4.57 	4.75 	4.63 	4.87 	4.55 	4.49 	4.66 	4.46 	4.81 	4.94 	: 	: 	: 	: 
FP06_1,PC,LT	5.37 	5.47 	5.54 	5.03 	4.82 	4.92 	4.96 	5.27 	5.27 	5.86 	5.93 	5.73 	6.53 	6.10 	5.53 	5.20 	5.09 	: 	: 	: 	: 
FP06_1,PC,LU	: 	: 	: 	: 	3.91 d	4.48 d	4.40 d	4.43 d	4.86 d	4.57 d	4.22 d	: 	: 	: 	4.06 d	3.77 d	4.01 d	: 	: 	: 	: 
FP06_1,PC,LV	4.92 	4.87 	5.19 	5.76 	5.24 	5.29 	5.20 	5.23 	5.60 	6.58 	7.20 	5.63 	5.82 	5.77 	5.35 	5.06 	6.12 	: 	: 	: 	: 
FP06_1,PC,MK	: 	: 	: 	: 	: 	: 	: 	: 	: d	: 	: 	: 	: 	: 	: 	: 	: 	: 	: 	: 	: 
FP06_1,PC,MT	8.39 	7.22 	5.73 d	5.92 d	6.34 	6.69 	6.89 b	4.72 	4.50 	4.19 	4.23 	4.67 	4.38 	4.88 	5.46 	5.28 	4.93 	: 	: 	: 	: 
FP06_1,PC,NL	5.91 	6.07 	6.09 	5.62 	5.24 	5.36 	5.50 	5.36 	5.41 	5.18 	5.05 	4.88 	4.85 	4.88 	4.70 	4.97 	5.00 	: 	: 	: 	: 
FP06_1,PC,NO	6.59 	6.79 	7.20 	6.43 	6.68 d	6.48 d	6.90 d	7.41 d	7.50 d	7.55 d	7.17 d	6.84 d	7.36 d	7.63 d	7.63 d	7.02 d	7.54 d	: 	: 	: 	: 
FP06_1,PC,PL	5.16 	5.38 d	5.27 d	5.19 d	5.10 d	5.39 d	5.57 d	5.56 d	5.40 d	5.43 d	5.44 d	5.05 d	4.82 d	5.13 d	4.88 d	4.76 d	5.22 d	: 	: 	: 	: 
FP06_1,PC,PT	5.47 d	5.82 d	6.04 d	5.07 d	5.27 d	5.23 d	5.29 d	5.16 d	5.43 d	5.42 d	5.53 d	5.56 d	5.52 d	5.42 d	5.39 d	5.31 d	5.39 d	: 	: 	: 	: 
FP06_1,PC,RO	3.11 	3.57 	4.30 	4.43 	4.40 	: u	3.58 	3.42 	3.53 	3.55 	3.28 	2.91 	3.41 	: 	: 	: 	: 	: 	: 	: 	: 
FP06_1,PC,SE	6.67 	6.83 	7.13 	6.53 	6.47 	6.66 	6.84 	7.09 	7.13 	7.39 	7.11 	7.23 	7.38 	7.76 	7.72 	7.48 	7.42 	: 	: 	: 	: 
FP06_1,PC,SI	5.74 	5.76 	5.78 	5.34 	5.26 	5.78 	5.78 	5.81 	5.84 	5.79 	5.85 	: 	: 	: 	: 	: 	: 	: 	: 	: 	: 
FP06_1,PC,SK	4.15 d	4.33 d	4.12 d	3.69 d	3.74 d	3.92 d	3.96 d	4.37 d	4.52 d	4.32 d	3.99 d	3.95 d	4.20 d	4.49 d	4.77 d	4.45 d	4.94 d	: 	: 	: 	: 
FP06_1,PC,TR	: 	: 	: 	: 	: 	3.82 	: 	4.06 	3.77 d	3.59 d	3.63 d	3.46 d	3.95 d	3.16 d	2.86 d	2.54 d	2.36 d	: 	: 	: 	: 
FP06_1,PC,UK	5.93 d	6.09 d	5.46 d	5.21 d	5.26 d	5.30 d	5.22 d	5.05 d	5.14 d	5.04 d	4.59 d	4.58 d	4.44 d	4.77 d	4.89 d	5.07 d	5.25 d	: 	: 	: 	: 
